id,price_doc
4116,inf
244,inf
5108,inf
8005,inf
728,inf
3675,inf
1741,inf
5558,inf
5019,inf
7309,inf
3948,inf
2831,-1.0
3318,-1.0
3457,-1.0
5440,-1.0
1270,-1.0
3528,-1.0
4849,-1.0
6815,-1.0
8941,-1.0
1111,-1.0
1931,-1.0
5390,-1.0
1298,-1.0
4660,-1.0
5343,-1.0
6873,-1.0
6966,-1.0
8208,-1.0
414,-1.0
4791,-1.0
320,-1.0
1015,-1.0
3899,-1.0
5056,-1.0
6868,-1.0
6902,-1.0
7806,-1.0
4948,-1.0
439,-1.0
2129,-1.0
7284,-1.0
7764,-1.0
8322,-1.0
8689,-1.0
1115,-1.0
2866,-1.0
4051,-1.0
1611,-1.0
3484,-1.0
4559,-1.0
5260,-1.0
7841,-1.0
2608,-1.0
2876,-1.0
1703,-1.0
2947,-1.0
6918,-1.0
3223,-1.0
3514,-1.0
8162,-1.0
3678,-1.0
8220,-1.0
3127,-1.0
3811,-1.0
7903,-1.0
56,-1.0
1482,-1.0
6657,-1.0
3903,-1.0
8343,-1.0
7594,-1.0
7599,-1.0
375,-1.0
1174,-1.0
2722,-1.0
3960,-1.0
4115,-1.0
8222,-1.0
536,-1.0
4774,-1.0
7579,-1.0
8461,-1.0
417,-1.0
4768,-1.0
6551,-1.0
564,-1.0
6244,-1.0
8842,-1.0
700,-1.0
3495,-1.0
3792,-1.0
3808,-1.0
6398,-1.0
5356,-1.0
6804,-1.0
2434,-1.0
6127,-1.0
9087,-1.0
2486,-1.0
4990,-1.0
5829,-1.0
6250,-1.0
4668,-1.0
7993,-1.0
3897,-1.0
6853,-1.0
7231,-1.0
1660,-1.0
8103,-1.0
6944,-1.0
7355,-1.0
606,-1.0
875,-1.0
907,-1.0
5238,-1.0
814,-1.0
2233,-1.0
4092,-1.0
4690,-1.0
15,-1.0
317,-1.0
500,-1.0
8363,-1.0
4057,-1.0
4802,-1.0
5739,-1.0
7193,-1.0
7242,-1.0
7683,-1.0
1497,-1.0
5644,-1.0
8741,-1.0
357,-1.0
3243,-1.0
3455,-1.0
4270,-1.0
7511,-1.0
838,-1.0
2727,-1.0
3234,-1.0
3486,-1.0
6459,-1.0
4060,-1.0
6175,-1.0
8943,-1.0
4883,-1.0
6542,-1.0
7532,-1.0
8514,-1.0
535,-1.0
1902,-1.0
7244,-1.0
899,-1.0
7845,-1.0
979,-1.0
1698,-1.0
2028,-1.0
4083,-1.0
481,-1.0
2938,-1.0
3751,-1.0
3858,-1.0
4012,-1.0
4257,-1.0
5854,-1.0
8773,-1.0
1418,-1.0
1882,-1.0
1892,-1.0
6989,-1.0
7715,-1.0
496,-1.0
3167,-1.0
3704,-1.0
7183,-1.0
7559,-1.0
7740,-1.0
1379,-1.0
6042,-1.0
661,-1.0
4752,-1.0
2265,-1.0
3605,-1.0
7817,-1.0
4521,-1.0
4662,-1.0
5195,-1.0
7640,-1.0
8030,-1.0
830,-1.0
1541,-1.0
4025,-1.0
9020,-1.0
634,-1.0
4986,-1.0
7247,-1.0
6271,-1.0
8134,-1.0
8260,-1.0
8487,-1.0
570,-1.0
2654,-1.0
4941,-1.0
5393,-1.0
7246,-1.0
5657,-1.0
7415,-1.0
8173,-1.0
1634,-1.0
3624,-1.0
7853,-1.0
2502,-1.0
3094,-1.0
5722,-1.0
1801,-1.0
7096,-1.0
1183,-1.0
3475,-1.0
7608,-1.0
139,-1.0
3202,-1.0
6659,-1.0
4501,-1.0
5863,-1.0
6224,-1.0
8154,-1.0
433,-1.0
6744,-1.0
7922,-1.0
313,-1.0
2631,-1.0
7255,-1.0
7296,-1.0
8722,-1.0
3112,-1.0
3923,-1.0
3157,-1.0
3740,-1.0
5141,-1.0
5213,-1.0
5290,-1.0
7908,-1.0
8408,-1.0
8658,-1.0
819,-1.0
2819,-1.0
4732,-1.0
5230,-1.0
6365,-1.0
7013,-1.0
7158,-1.0
4326,-1.0
5546,-1.0
2970,-1.0
6656,-1.0
181,-1.0
696,-1.0
6008,-1.0
580,-1.0
6032,-1.0
509,-1.0
1655,-1.0
4756,-1.0
6955,-1.0
2617,-1.0
3321,-1.0
5973,-1.0
6167,-1.0
6580,-1.0
8410,-1.0
319,-1.0
4029,-1.0
6181,-1.0
7223,-1.0
8270,-1.0
9026,-1.0
4557,-1.0
6701,-1.0
422,-1.0
4109,-1.0
4308,-1.0
4353,-1.0
1828,-1.0
2214,-1.0
2785,-1.0
4082,-1.0
4276,-1.0
6570,-1.0
8274,-1.0
225,-1.0
708,-1.0
2034,-1.0
3191,-1.0
6761,-1.0
7793,-1.0
1592,inf
3601,inf
4432,inf
5809,inf
7756,inf
8002,inf
1283,inf
2384,inf
2611,inf
3599,inf
4314,inf
6090,inf
6582,inf
681,inf
1950,inf
5312,inf
6571,inf
7198,inf
922,inf
4372,inf
5239,inf
7590,inf
8521,inf
1813,inf
2562,inf
3130,inf
7182,inf
8342,inf
120,inf
2991,inf
3134,inf
4388,inf
4855,inf
1181,inf
3919,inf
8725,inf
233,inf
292,inf
1053,inf
1311,inf
5318,inf
1028,inf
3013,inf
3650,inf
4997,inf
5432,inf
7423,inf
7888,inf
8367,inf
8491,inf
3614,inf
7573,inf
5623,inf
5781,inf
9062,inf
470,inf
4301,inf
4455,inf
7132,inf
8649,inf
885,inf
5890,inf
8502,inf
8948,inf
110,inf
777,inf
7641,inf
8160,inf
8545,inf
8917,inf
3327,inf
5946,inf
6945,inf
1013,inf
4564,inf
6751,inf
1095,inf
1392,inf
1908,inf
3088,inf
3661,inf
141,inf
425,inf
1547,inf
6026,inf
8500,inf
2865,inf
3274,inf
4172,inf
4414,inf
5194,inf
6637,inf
1204,inf
4069,inf
5363,inf
6783,inf
7083,inf
7445,inf
8982,inf
1911,inf
2753,inf
5210,inf
7230,inf
8178,inf
2331,inf
2605,inf
4022,inf
7049,inf
8526,inf
9080,inf
257,inf
3840,inf
4902,inf
1969,inf
6303,inf
8506,inf
782,inf
1837,inf
5428,inf
7249,inf
8406,inf
137,inf
1798,inf
2320,inf
3802,inf
5284,inf
7753,inf
7943,inf
2117,inf
2169,inf
2875,inf
3290,inf
5431,inf
6228,inf
8991,inf
2317,inf
2711,inf
5963,inf
7262,inf
1850,inf
3639,inf
5474,inf
6623,inf
6851,inf
8054,inf
8077,inf
8377,inf
214,inf
2329,inf
6162,inf
6258,inf
6890,inf
314,inf
538,inf
2045,inf
5181,inf
348,inf
7769,inf
8375,inf
1264,inf
4382,inf
6434,inf
6628,inf
7672,inf
7858,inf
1877,inf
7694,inf
8021,inf
8713,inf
1528,inf
1889,inf
3133,inf
4090,inf
1439,inf
2251,inf
3654,inf
7589,inf
7925,inf
134,inf
935,inf
1466,inf
3315,inf
5391,inf
6336,inf
7276,inf
7995,inf
8616,inf
1893,inf
3281,inf
4747,inf
6809,inf
6939,inf
7644,inf
1871,inf
2416,inf
2718,inf
6533,inf
7232,inf
8422,inf
8828,inf
90,inf
2390,inf
2871,inf
4492,inf
5133,inf
5794,inf
3718,inf
119,inf
8436,inf
1385,inf
2787,inf
131,inf
1050,inf
1209,inf
3181,inf
6064,inf
2480,inf
9066,inf
270,inf
3435,inf
2948,inf
7330,inf
7802,inf
8858,inf
631,inf
7605,inf
8053,inf
312,inf
673,inf
1438,inf
7305,inf
8355,inf
1920,inf
7746,inf
2968,inf
3612,inf
3724,inf
4438,inf
5511,inf
6017,inf
2581,inf
6641,inf
7577,inf
8310,inf
167,inf
3297,inf
6941,inf
7676,inf
1327,inf
4050,inf
879,inf
3562,inf
6525,inf
8224,inf
7343,inf
8035,inf
660,inf
1001,inf
2082,inf
2776,inf
3298,inf
4552,inf
5773,inf
7970,inf
2986,inf
5573,inf
6451,inf
3993,inf
4487,inf
7398,inf
7722,inf
744,inf
3854,inf
4496,inf
4499,inf
8389,inf
8498,inf
769,inf
3490,inf
5058,inf
5601,inf
6029,inf
9039,inf
6146,inf
1795,inf
3670,inf
6301,inf
3213,inf
6575,inf
6137,inf
9111,inf
2702,inf
3816,inf
5062,inf
6013,inf
6554,inf
6633,inf
8329,inf
1982,inf
2629,inf
4014,inf
7757,inf
2200,inf
3108,inf
8402,inf
3916,inf
5095,inf
6056,inf
8199,inf
1304,inf
4421,inf
183,inf
2065,inf
2285,inf
2888,inf
4342,inf
7282,inf
2254,inf
2686,inf
2984,inf
5810,inf
3799,inf
4568,inf
7362,inf
8456,inf
8623,inf
9112,inf
6988,inf
7040,inf
34,inf
8369,inf
454,inf
2020,inf
4996,inf
7833,inf
8186,inf
1961,inf
4187,inf
462,inf
2172,inf
7822,inf
8985,inf
2675,inf
6726,inf
1124,inf
1578,inf
2140,inf
3338,inf
4648,inf
5026,inf
9135,inf
648,inf
2874,inf
4324,inf
4671,inf
7160,inf
7749,inf
8926,inf
8998,inf
772,inf
6012,inf
7156,inf
7400,inf
445,inf
826,inf
3763,inf
5382,inf
361,inf
377,inf
568,inf
5911,inf
6729,inf
1007,inf
5172,inf
1638,inf
3172,inf
5090,inf
7517,inf
7582,inf
7924,inf
5651,inf
7877,inf
8896,inf
1390,inf
2435,inf
4930,inf
7614,inf
8497,inf
2782,inf
6379,inf
7765,inf
2133,inf
3105,inf
4667,inf
5947,inf
6397,inf
8562,inf
7554,inf
621,inf
1487,inf
2421,inf
2606,inf
3878,inf
4251,inf
4256,inf
5706,inf
5950,inf
7438,inf
8302,inf
9115,inf
1463,inf
2662,inf
4004,inf
4685,inf
5694,inf
7050,inf
7654,inf
8183,inf
2168,inf
2651,inf
4767,inf
4825,inf
6946,inf
7014,inf
7088,inf
4207,inf
4674,inf
7510,inf
149,inf
1079,inf
7661,inf
8283,inf
8816,inf
9068,inf
276,inf
1488,inf
2505,inf
7153,inf
219,inf
467,inf
4171,inf
4622,inf
4635,inf
6872,inf
8464,inf
2752,inf
3212,inf
5154,inf
7228,inf
1116,inf
6859,inf
8294,inf
1723,inf
3719,inf
4395,inf
7279,inf
825,inf
1123,inf
3591,inf
4088,inf
5144,inf
2073,inf
5190,inf
675,inf
2376,inf
2688,inf
3732,inf
4250,inf
4361,inf
4846,inf
5068,inf
7870,inf
7974,inf
823,inf
4462,inf
569,inf
7367,inf
2437,inf
2585,inf
5457,inf
7691,inf
145,inf
2609,inf
7288,inf
1748,inf
2102,inf
2652,inf
2867,inf
3090,inf
3864,inf
8241,inf
770,inf
1066,inf
2041,inf
3249,inf
75,inf
8485,inf
9077,inf
474,inf
6139,inf
6971,inf
4805,inf
5834,inf
5894,inf
7564,inf
8615,inf
694,inf
1393,inf
3073,inf
3798,inf
4070,inf
4479,inf
7363,inf
7767,inf
529,inf
2518,inf
3875,inf
5332,inf
6247,inf
7534,inf
7788,inf
725,inf
4962,inf
6896,inf
1388,inf
3067,inf
4255,inf
5833,inf
1075,inf
6245,inf
205,inf
256,inf
3432,inf
4718,inf
6057,inf
715,inf
1359,inf
1657,inf
1701,inf
4627,inf
5645,inf
295,inf
1451,inf
2983,inf
4053,inf
5103,inf
7432,inf
8117,inf
2010,inf
4426,inf
8218,inf
8320,inf
7919,inf
1615,inf
1814,inf
2954,inf
5008,inf
7179,inf
4960,inf
9004,inf
1852,inf
2356,inf
6776,inf
7954,inf
5093,inf
1084,inf
5540,inf
7692,inf
7738,inf
7863,inf
1607,inf
6588,inf
8161,inf
2624,inf
5939,inf
7369,inf
7871,inf
41,inf
83,inf
1909,inf
4803,inf
7131,inf
6,inf
839,inf
1719,inf
4603,inf
7090,inf
2540,inf
3648,inf
5638,inf
6225,inf
1704,inf
2424,inf
4199,inf
3611,inf
4406,inf
4873,inf
8304,inf
406,inf
2229,inf
5360,inf
6048,inf
6932,inf
212,inf
589,inf
2217,inf
7397,inf
3662,inf
5076,inf
7023,inf
8288,inf
1061,inf
1745,inf
3963,inf
4854,inf
6072,inf
7374,inf
8296,inf
2462,inf
3883,inf
5720,inf
7810,inf
349,inf
1678,inf
4957,inf
4965,inf
352,inf
1376,inf
1975,inf
3681,inf
3853,inf
4075,inf
4700,inf
6237,inf
6240,inf
7240,inf
7308,inf
8281,inf
8822,inf
1320,inf
3159,inf
2721,inf
6605,inf
4282,inf
5935,inf
6155,inf
4907,inf
6630,inf
424,inf
695,inf
1858,inf
2019,inf
4961,inf
3841,inf
4413,inf
4659,inf
5215,inf
8414,inf
1039,inf
236,inf
655,inf
2485,inf
2859,inf
5003,inf
5416,inf
6437,inf
6462,inf
8575,inf
9065,inf
2049,inf
2893,inf
5732,inf
3830,inf
4606,inf
8647,inf
4711,inf
3137,inf
3748,inf
3911,inf
4076,inf
5094,inf
8761,inf
7972,inf
8145,inf
45,inf
2399,inf
2634,inf
318,inf
2641,inf
697,inf
1063,inf
3123,inf
8686,inf
989,inf
2381,inf
6829,inf
7292,inf
7688,inf
8925,inf
2274,inf
2892,inf
3016,inf
3383,inf
3425,inf
3448,inf
4817,inf
8989,inf
1523,inf
2181,inf
4723,inf
5421,inf
5441,inf
6165,inf
6213,inf
8981,inf
3125,inf
3131,inf
4303,inf
5508,inf
253,inf
5350,inf
6482,inf
8192,inf
1099,inf
3638,inf
4709,inf
4886,inf
5298,inf
6071,inf
6602,inf
8587,inf
4488,inf
5700,inf
7108,inf
1786,inf
4098,inf
5367,inf
5494,inf
6070,inf
7057,inf
8651,inf
8935,inf
891,inf
3314,inf
5450,inf
6467,inf
9060,inf
6663,-1.0
6905,-1.0
2374,-1.0
2786,-1.0
3164,-1.0
3973,-1.0
8921,-1.0
3985,-1.0
4325,-1.0
5411,-1.0
5892,-1.0
6968,-1.0
7556,-1.0
5080,-1.0
7114,-1.0
7373,-1.0
616,-1.0
1830,-1.0
3237,-1.0
4188,-1.0
4903,-1.0
6077,-1.0
7342,-1.0
450,-1.0
2707,-1.0
3727,-1.0
3952,-1.0
4394,-1.0
4733,-1.0
6711,-1.0
2578,-1.0
2997,-1.0
5500,-1.0
8203,-1.0
8588,-1.0
5114,-1.0
7852,-1.0
478,-1.0
1262,-1.0
1267,-1.0
3668,-1.0
4212,-1.0
4868,-1.0
6933,-1.0
7116,-1.0
8560,-1.0
95,-1.0
554,-1.0
822,-1.0
1193,-1.0
3214,-1.0
4163,-1.0
6819,-1.0
8910,-1.0
2559,-1.0
2987,-1.0
4322,-1.0
4913,-1.0
5296,-1.0
5447,-1.0
8481,-1.0
1710,-1.0
1857,-1.0
6884,-1.0
3861,-1.0
5173,-1.0
5509,-1.0
7651,-1.0
8308,-1.0
8371,-1.0
9008,-1.0
210,-1.0
608,-1.0
3413,-1.0
8692,-1.0
2411,-1.0
3192,-1.0
6943,-1.0
6951,-1.0
8740,-1.0
8918,-1.0
8975,-1.0
1160,-1.0
2103,-1.0
2343,-1.0
2685,-1.0
3378,-1.0
4306,-1.0
5375,-1.0
5437,-1.0
49,-1.0
884,-1.0
1793,-1.0
1853,-1.0
3487,-1.0
4923,-1.0
9071,-1.0
299,-1.0
566,-1.0
1416,-1.0
2784,-1.0
5111,-1.0
6684,-1.0
8336,-1.0
3478,-1.0
3609,-1.0
4237,-1.0
4368,-1.0
5257,-1.0
6645,-1.0
340,-1.0
598,-1.0
785,-1.0
1537,-1.0
3391,-1.0
3873,-1.0
4311,-1.0
5124,-1.0
6590,-1.0
7710,-1.0
392,-1.0
843,-1.0
1735,-1.0
2008,-1.0
3842,-1.0
4128,-1.0
7951,-1.0
2724,-1.0
4065,-1.0
4726,-1.0
4816,-1.0
6069,-1.0
7065,-1.0
7545,-1.0
8046,-1.0
8765,-1.0
207,-1.0
747,-1.0
4454,-1.0
4532,-1.0
5337,-1.0
5519,-1.0
6399,-1.0
7808,-1.0
491,-1.0
2145,-1.0
2257,-1.0
4397,-1.0
4689,-1.0
6770,-1.0
7647,-1.0
7743,-1.0
1726,-1.0
1796,-1.0
1879,-1.0
3622,-1.0
4045,-1.0
6115,-1.0
6133,-1.0
7583,-1.0
7653,-1.0
8838,-1.0
3974,-1.0
4431,-1.0
5100,-1.0
7518,-1.0
8581,-1.0
1759,-1.0
1896,-1.0
2566,-1.0
2755,-1.0
5451,-1.0
6769,-1.0
9100,-1.0
3,-1.0
3155,-1.0
3896,-1.0
7483,-1.0
8109,-1.0
1696,-1.0
2127,-1.0
3174,-1.0
3707,-1.0
4274,-1.0
4554,-1.0
5677,-1.0
6936,-1.0
1495,-1.0
5400,-1.0
7796,-1.0
5453,-1.0
7602,-1.0
8176,-1.0
281,-1.0
886,-1.0
3021,-1.0
4693,-1.0
6348,-1.0
198,-1.0
485,-1.0
1536,-1.0
2899,-1.0
5189,-1.0
6410,-1.0
6937,-1.0
7433,-1.0
9041,-1.0
492,-1.0
1144,-1.0
1648,-1.0
2597,-1.0
2944,-1.0
3182,-1.0
3329,-1.0
5969,-1.0
7294,-1.0
8359,-1.0
1256,-1.0
1600,-1.0
1640,-1.0
4379,-1.0
4918,-1.0
5823,-1.0
6999,-1.0
7950,-1.0
865,-1.0
6957,-1.0
531,-1.0
1070,-1.0
1452,-1.0
2302,-1.0
6513,-1.0
3714,-1.0
7983,-1.0
9013,-1.0
2841,-1.0
5561,-1.0
5932,-1.0
6970,-1.0
7317,-1.0
8421,-1.0
4383,-1.0
4651,-1.0
4959,-1.0
5325,-1.0
9050,-1.0
841,-1.0
1783,-1.0
3370,-1.0
5641,-1.0
5820,-1.0
5885,-1.0
8257,-1.0
1143,-1.0
2857,-1.0
4600,-1.0
8440,-1.0
4219,-1.0
3276,-1.0
4409,-1.0
5912,-1.0
6877,-1.0
7082,-1.0
1843,-1.0
3709,-1.0
6320,-1.0
6677,-1.0
7869,-1.0
8306,-1.0
117,-1.0
1996,-1.0
3280,-1.0
3942,-1.0
33,-1.0
1387,-1.0
1533,-1.0
2378,-1.0
3456,-1.0
4189,-1.0
8045,-1.0
8790,-1.0
9040,-1.0
44,-1.0
2179,-1.0
3064,-1.0
5086,-1.0
5264,-1.0
5406,-1.0
7319,-1.0
7572,-1.0
7696,-1.0
1367,-1.0
2613,-1.0
4159,-1.0
473,-1.0
1103,-1.0
2402,-1.0
3139,-1.0
5585,-1.0
6219,-1.0
6414,-1.0
519,-1.0
4214,-1.0
5597,-1.0
6779,-1.0
7609,-1.0
8047,-1.0
98,-1.0
818,-1.0
7739,-1.0
801,-1.0
1790,-1.0
2228,-1.0
2523,-1.0
7741,-1.0
360,-1.0
3865,-1.0
4164,-1.0
4363,-1.0
4652,-1.0
4705,-1.0
4829,-1.0
4993,-1.0
6938,-1.0
7281,-1.0
8824,-1.0
8969,-1.0
1631,-1.0
2025,-1.0
4785,-1.0
7982,-1.0
277,-1.0
1212,-1.0
1939,-1.0
3029,-1.0
4885,-1.0
6015,-1.0
7103,-1.0
7238,-1.0
7591,-1.0
7790,-1.0
7939,-1.0
8028,-1.0
511,-1.0
1743,-1.0
4338,-1.0
4695,-1.0
4899,-1.0
8812,-1.0
8938,-1.0
1445,-1.0
1763,-1.0
1874,-1.0
4517,-1.0
5717,-1.0
6584,-1.0
7043,-1.0
7601,-1.0
9000,-1.0
1284,-1.0
8070,-1.0
8116,-1.0
8223,-1.0
302,-1.0
2842,-1.0
4596,-1.0
5882,-1.0
7280,-1.0
113,-1.0
3057,-1.0
4244,-1.0
4842,-1.0
7512,-1.0
2007,-1.0
2215,-1.0
3278,-1.0
3970,-1.0
429,-1.0
1697,-1.0
1807,-1.0
1817,-1.0
2816,-1.0
2872,-1.0
5159,-1.0
6636,-1.0
8723,-1.0
8768,-1.0
8884,-1.0
7462,-1.0
576,-1.0
1501,-1.0
6867,-1.0
7634,-1.0
7287,-1.0
872,-1.0
2057,-1.0
2166,-1.0
2271,-1.0
4588,-1.0
6436,-1.0
7830,-1.0
8072,-1.0
1172,-1.0
1524,-1.0
4248,-1.0
5795,-1.0
6180,-1.0
7299,-1.0
8098,-1.0
8612,-1.0
1125,-1.0
1251,-1.0
2848,-1.0
3659,-1.0
4579,-1.0
5487,-1.0
6307,-1.0
7593,-1.0
8777,-1.0
285,-1.0
2351,-1.0
3730,-1.0
3969,-1.0
7477,-1.0
8207,-1.0
8766,-1.0
1663,-1.0
2980,-1.0
3050,-1.0
5715,-1.0
6092,-1.0
5389,-1.0
6340,-1.0
6464,-1.0
327,-1.0
1707,-1.0
2281,-1.0
2574,-1.0
3739,-1.0
3775,-1.0
4761,-1.0
5678,-1.0
6330,-1.0
7360,-1.0
7849,-1.0
1062,-1.0
1072,-1.0
1730,-1.0
2492,-1.0
4044,-1.0
7480,-1.0
7962,-1.0
863,-1.0
2849,-1.0
3132,-1.0
5920,-1.0
7491,-1.0
8781,-1.0
87,-1.0
610,-1.0
1826,-1.0
1923,-1.0
3904,-1.0
4138,-1.0
7102,-1.0
8876,-1.0
403,-1.0
1435,-1.0
1545,-1.0
1699,-1.0
3750,-1.0
5040,-1.0
5805,-1.0
5919,-1.0
7144,-1.0
7552,-1.0
8234,-1.0
8417,-1.0
271,-1.0
1978,-1.0
3175,-1.0
8845,-1.0
2212,-1.0
3227,-1.0
3441,-1.0
4567,-1.0
5398,-1.0
5584,-1.0
6061,-1.0
8407,-1.0
590,-1.0
2267,-1.0
2713,-1.0
3319,-1.0
3513,-1.0
5085,-1.0
5686,-1.0
8928,-1.0
3921,-1.0
4178,-1.0
5598,-1.0
5896,-1.0
7712,-1.0
7911,-1.0
116,-1.0
2159,-1.0
2171,-1.0
2943,-1.0
5635,-1.0
7016,-1.0
7192,-1.0
1166,-1.0
7177,-1.0
8064,-1.0
4007,-1.0
4424,-1.0
4783,-1.0
6074,-1.0
1236,-1.0
1898,-1.0
2383,-1.0
2571,-1.0
2664,-1.0
3909,-1.0
4661,-1.0
5596,-1.0
5940,-1.0
6021,-1.0
6463,-1.0
7720,-1.0
8265,-1.0
8544,-1.0
1018,-1.0
1148,-1.0
1597,-1.0
1766,-1.0
1926,-1.0
3152,-1.0
4476,-1.0
5331,-1.0
7427,-1.0
7878,-1.0
8886,-1.0
642,-1.0
735,-1.0
820,-1.0
4264,-1.0
4369,-1.0
7015,-1.0
7175,-1.0
7578,-1.0
8013,-1.0
9103,-1.0
3844,-1.0
3994,-1.0
419,-1.0
724,-1.0
965,-1.0
1448,-1.0
1775,-1.0
5161,-1.0
5366,-1.0
5399,-1.0
5730,-1.0
6254,-1.0
7104,-1.0
192,-1.0
391,-1.0
1347,-1.0
3872,-1.0
5225,-1.0
5853,-1.0
5949,-1.0
6854,-1.0
7211,-1.0
8747,-1.0
929,-1.0
1287,-1.0
3677,-1.0
4510,-1.0
4725,-1.0
5121,-1.0
7060,-1.0
7493,-1.0
1603,-1.0
2507,-1.0
4809,-1.0
5818,-1.0
451,-1.0
1932,-1.0
2572,-1.0
2630,-1.0
4230,-1.0
4658,-1.0
6062,-1.0
6782,-1.0
7269,-1.0
2759,-1.0
3954,-1.0
8148,-1.0
460,-1.0
4224,-1.0
4269,-1.0
7295,-1.0
8890,-1.0
447,-1.0
1468,-1.0
1560,-1.0
5156,-1.0
6534,-1.0
6695,-1.0
8419,-1.0
8708,-1.0
2224,-1.0
2515,-1.0
3839,-1.0
4283,-1.0
5106,-1.0
6538,-1.0
2295,-1.0
3464,-1.0
3468,-1.0
4922,-1.0
7413,-1.0
7893,-1.0
8313,-1.0
8569,-1.0
8743,-1.0
168,-1.0
699,-1.0
957,-1.0
1568,-1.0
1919,-1.0
2263,-1.0
3208,-1.0
3736,-1.0
6231,-1.0
7032,-1.0
7163,-1.0
1780,-1.0
2367,-1.0
7408,-1.0
3672,-1.0
4367,-1.0
6626,-1.0
6764,-1.0
1162,-1.0
2177,-1.0
5097,-1.0
753,-1.0
5592,-1.0
8093,-1.0
9054,-1.0
2185,-1.0
122,-1.0
804,-1.0
3232,-1.0
8631,-1.0
964,-1.0
4181,-1.0
5053,-1.0
5938,-1.0
7274,-1.0
6772,-1.0
6962,-1.0
8774,-1.0
1422,-1.0
6347,-1.0
7942,-1.0
9117,-1.0
1105,-1.0
2122,-1.0
2587,-1.0
3755,-1.0
4346,-1.0
4348,-1.0
6128,-1.0
8441,-1.0
3204,-1.0
4637,-1.0
4901,-1.0
6717,-1.0
6930,-1.0
2825,-1.0
3620,-1.0
4154,-1.0
6609,-1.0
6765,-1.0
2836,-1.0
5671,-1.0
6689,-1.0
7630,-1.0
658,-1.0
2039,-1.0
2242,-1.0
2756,-1.0
6312,-1.0
1526,-1.0
748,-1.0
2301,-1.0
6343,-1.0
8232,-1.0
514,-1.0
1880,-1.0
3098,-1.0
3553,-1.0
8102,-1.0
984,-1.0
2922,-1.0
7375,-1.0
9036,-1.0
1818,-1.0
2148,-1.0
3935,-1.0
3939,-1.0
4646,-1.0
9140,-1.0
2709,-1.0
4032,-1.0
4636,-1.0
4676,-1.0
5262,-1.0
6261,-1.0
6632,-1.0
6747,-1.0
6990,-1.0
1041,inf
4035,inf
5245,inf
5701,inf
7836,inf
8873,inf
289,inf
497,inf
3300,inf
3453,inf
5769,inf
6154,inf
6280,inf
6478,inf
2907,inf
3975,inf
4067,inf
8434,inf
928,inf
5930,inf
6849,inf
8923,inf
4285,inf
6353,inf
8811,inf
8911,inf
2050,inf
2132,inf
3834,inf
4649,inf
5662,inf
7113,inf
7713,inf
12,inf
93,inf
1023,inf
1842,inf
4553,inf
4921,inf
5444,inf
7820,inf
2359,inf
3653,inf
7862,inf
8121,inf
1991,inf
4866,inf
6011,inf
972,inf
4071,inf
6278,inf
2712,inf
3523,inf
5454,inf
7044,inf
8827,inf
483,inf
3563,inf
4442,inf
7203,inf
8393,inf
8621,inf
2350,inf
4665,inf
6658,inf
8511,inf
6043,inf
1243,inf
6187,inf
6242,inf
7600,inf
8879,inf
8904,inf
463,inf
2422,inf
7460,inf
8895,inf
8951,inf
613,inf
1805,inf
2428,inf
2441,inf
2481,inf
3096,inf
4605,inf
4964,inf
5059,inf
5187,inf
5387,inf
6381,inf
6504,inf
7467,inf
8091,inf
8158,inf
8194,inf
8346,inf
9099,inf
1047,inf
3410,inf
4117,inf
4666,inf
4834,inf
6440,inf
6924,inf
520,inf
912,inf
1929,inf
2085,inf
2454,inf
2612,inf
3239,inf
4530,inf
6863,inf
7621,inf
8934,inf
1517,inf
3664,inf
4645,inf
4830,inf
6170,inf
6227,inf
6555,inf
380,inf
832,inf
1280,inf
1427,inf
1587,inf
1639,inf
1949,inf
2061,inf
2075,inf
2160,inf
2725,inf
3140,inf
3437,inf
3820,inf
4640,inf
4769,inf
5281,inf
5838,inf
6479,inf
7766,inf
7997,inf
8065,inf
8552,inf
8967,inf
579,inf
2426,inf
4759,inf
5513,inf
5629,inf
5691,inf
5803,inf
6622,inf
7864,inf
7941,inf
8399,inf
85,inf
3937,inf
174,inf
1082,inf
1370,inf
1864,inf
2623,inf
5733,inf
6392,inf
6806,inf
79,inf
1437,inf
1694,inf
3632,inf
4194,inf
6502,inf
6843,inf
7402,inf
8603,inf
29,inf
973,inf
3499,inf
5116,inf
5996,inf
6096,inf
6263,inf
6629,inf
343,inf
2620,inf
2737,inf
4950,inf
5579,inf
6025,inf
6662,inf
8195,inf
432,inf
510,inf
1847,inf
2564,inf
5315,inf
7382,inf
7885,inf
127,inf
1055,inf
8431,inf
8836,inf
466,inf
1574,inf
3581,inf
4466,inf
4991,inf
5480,inf
7780,inf
7940,inf
8101,inf
9029,inf
1027,inf
2908,inf
4688,inf
5280,inf
6150,inf
6293,inf
6666,inf
7109,inf
8535,inf
8604,inf
9085,inf
146,inf
1009,inf
1590,inf
1727,inf
2097,inf
2525,inf
4114,inf
4535,inf
5288,inf
5680,inf
6174,inf
6453,inf
6566,inf
7078,inf
7241,inf
7469,inf
7776,inf
8832,inf
1428,inf
1461,inf
2616,inf
3289,inf
3466,inf
3695,inf
1942,inf
2211,inf
3831,inf
4019,inf
4734,inf
4867,inf
614,inf
1935,inf
7907,inf
8219,inf
8849,inf
1762,inf
1769,inf
3142,inf
3989,inf
4703,inf
2004,inf
3186,inf
3933,inf
4951,inf
5206,inf
5747,inf
7304,inf
7358,inf
7359,inf
7519,inf
7730,inf
9023,inf
9,inf
32,inf
1434,inf
2352,inf
2823,inf
3917,inf
4040,inf
5879,inf
5917,inf
5991,inf
6295,inf
8037,inf
8669,inf
1317,inf
2012,inf
2554,inf
3440,inf
4450,inf
8457,inf
325,inf
7457,inf
8337,inf
8882,inf
8906,inf
1067,inf
7410,inf
8351,inf
8683,inf
1365,inf
1425,inf
1993,inf
2279,inf
4345,inf
4522,inf
5353,inf
6076,inf
6371,inf
6755,inf
7453,inf
8974,inf
948,inf
2150,inf
2364,inf
2520,inf
4569,inf
6549,inf
6603,inf
7774,inf
8401,inf
9106,inf
298,inf
400,inf
493,inf
622,inf
1617,inf
3987,inf
4112,inf
4352,inf
5314,inf
5600,inf
6424,inf
7261,inf
7503,inf
8149,inf
8259,inf
8418,inf
8976,inf
9075,inf
2296,inf
2577,inf
3431,inf
5107,inf
6485,inf
9081,inf
4731,inf
5624,inf
6044,inf
6509,inf
8135,inf
8196,inf
258,inf
1093,inf
2580,inf
5345,inf
6822,inf
7412,inf
6199,inf
1232,inf
2262,inf
2614,inf
5258,inf
7047,inf
7527,inf
8556,inf
8892,inf
393,inf
716,inf
1397,inf
1937,inf
2107,inf
3022,inf
3444,inf
3728,inf
3773,inf
3823,inf
4613,inf
5394,inf
5599,inf
7444,inf
7473,inf
8821,inf
188,inf
310,inf
1581,inf
2757,inf
3552,inf
4218,inf
6480,inf
6519,inf
8739,inf
304,inf
336,inf
4618,inf
5155,inf
6177,inf
7506,inf
7684,inf
9076,inf
680,inf
2445,inf
3512,inf
4542,inf
4807,inf
5368,inf
5846,inf
6441,inf
6537,inf
6996,inf
7926,inf
8796,inf
82,inf
1480,inf
1886,inf
7637,inf
7984,inf
1513,inf
3070,inf
3353,inf
3971,inf
4628,inf
4811,inf
5064,inf
5179,inf
6207,inf
6910,inf
7210,inf
7702,inf
8247,inf
8652,inf
867,inf
1025,inf
1951,inf
2040,inf
3434,inf
4008,inf
4309,inf
4742,inf
7875,inf
8169,inf
8783,inf
9109,inf
503,inf
1254,inf
1714,inf
2900,inf
3309,inf
3423,inf
4968,inf
5765,inf
7095,inf
7130,inf
8807,inf
9017,inf
1071,inf
1272,inf
2337,inf
4699,inf
4909,inf
4966,inf
6855,inf
8324,inf
8815,inf
523,inf
1436,inf
1567,inf
3402,inf
4072,inf
5587,inf
5990,inf
8239,inf
1226,inf
2800,inf
5868,inf
6046,inf
7649,inf
7773,inf
1237,inf
1943,inf
4766,inf
5001,inf
6748,inf
7513,inf
8217,inf
133,inf
1371,inf
2094,inf
3048,inf
3826,inf
4459,inf
6253,inf
7587,inf
7662,inf
8066,inf
8565,inf
9134,inf
435,inf
1867,inf
2354,inf
2640,inf
2788,inf
2925,inf
4010,inf
4879,inf
4943,inf
6522,inf
8177,inf
8446,inf
8680,inf
345,inf
2868,inf
6380,inf
9049,inf
13,inf
1065,inf
1582,inf
3979,inf
4779,inf
5636,inf
6680,inf
7353,inf
2650,inf
7906,inf
668,inf
767,inf
1733,inf
2032,inf
2253,inf
2487,inf
3460,inf
3642,inf
6195,inf
6251,inf
6431,inf
6612,inf
6984,inf
572,inf
1052,inf
1477,inf
2548,inf
3980,inf
4161,inf
4698,inf
4992,inf
5177,inf
5248,inf
6387,inf
76,inf
1117,inf
2813,inf
5054,inf
171,inf
1014,inf
1310,inf
2321,inf
3533,inf
3741,inf
4217,inf
5967,inf
7682,inf
8691,inf
1658,inf
2436,inf
3261,inf
4945,inf
6335,inf
6408,inf
7818,inf
1269,inf
2255,inf
2392,inf
4863,inf
4895,inf
5530,inf
6383,inf
7900,inf
8819,inf
2589,inf
3039,inf
1185,inf
2026,inf
2774,inf
5027,inf
6731,inf
7105,inf
3351,inf
5029,inf
5354,inf
5415,inf
5776,inf
7141,inf
7422,inf
7917,inf
8520,inf
2266,inf
3032,inf
5479,inf
6147,inf
7311,inf
8984,inf
202,inf
601,inf
4531,inf
5052,inf
5442,inf
6266,inf
6322,inf
6640,inf
6773,inf
8097,inf
1031,inf
1585,inf
1954,inf
2223,inf
5693,inf
6316,inf
7646,inf
881,inf
3815,inf
3887,inf
5128,inf
7028,inf
9137,inf
469,inf
704,inf
3392,inf
4497,inf
4586,inf
4988,inf
6109,inf
6122,inf
7928,inf
528,inf
1457,inf
2590,inf
2873,inf
4738,inf
6079,inf
6083,inf
6935,inf
7895,inf
251,inf
641,inf
1651,inf
2792,inf
3469,inf
3926,inf
5204,inf
5860,inf
6791,inf
8659,inf
834,inf
2696,inf
2858,inf
3501,inf
4260,inf
5972,inf
3576,inf
4916,inf
6407,inf
7019,inf
7475,inf
381,inf
3555,inf
4169,inf
5983,inf
2084,inf
4103,inf
4684,inf
5877,inf
8412,inf
8589,inf
286,inf
597,inf
1042,inf
1300,inf
1308,inf
2403,inf
2999,inf
3171,inf
3981,inf
5606,inf
7734,inf
215,inf
2353,inf
2808,inf
3004,inf
5918,inf
6007,inf
6080,inf
6211,inf
7622,inf
8009,inf
8852,inf
6305,inf
7680,inf
8663,inf
5,inf
2934,inf
5168,inf
6563,inf
940,inf
1987,inf
2870,inf
3427,inf
6296,inf
999,inf
1881,inf
4505,inf
5175,inf
7085,inf
8323,inf
407,inf
3493,inf
4031,inf
6105,inf
8459,inf
8762,inf
1394,inf
1812,inf
3091,inf
5498,inf
1225,inf
3114,inf
6119,inf
6232,inf
8074,inf
8806,inf
8881,inf
683,inf
916,inf
1460,inf
4290,inf
5449,inf
6338,inf
6828,inf
6912,inf
7979,inf
8175,inf
1486,inf
1650,inf
1758,inf
1977,inf
2193,inf
2599,inf
3158,inf
3317,inf
5061,inf
5300,inf
6188,inf
8519,inf
8635,inf
2361,inf
4205,inf
5655,inf
7703,inf
7882,inf
1976,inf
2259,inf
5646,inf
6192,inf
6260,inf
6927,inf
8826,inf
279,inf
4724,inf
5672,inf
8513,inf
2682,inf
4800,inf
6698,inf
2125,inf
2897,inf
3307,inf
5681,inf
5723,inf
6546,inf
6576,inf
8033,inf
9010,inf
191,inf
974,inf
1485,inf
3572,inf
6497,inf
8802,inf
1571,inf
2294,inf
3716,inf
5928,inf
6001,inf
7233,inf
7332,inf
8550,inf
8563,inf
4888,inf
6401,inf
154,inf
350,inf
1314,inf
3308,inf
4211,inf
6210,inf
6349,inf
8598,inf
0,inf
831,inf
1469,inf
2444,inf
2854,inf
4434,inf
5978,inf
5999,inf
8115,inf
9084,inf
1113,inf
1643,inf
2083,inf
4003,inf
4319,inf
4546,inf
5955,inf
6221,inf
7782,inf
8197,inf
8251,inf
8848,inf
278,inf
690,inf
720,inf
1250,inf
2439,inf
2690,inf
3803,inf
4160,inf
4236,inf
5255,inf
5301,inf
6098,inf
7224,inf
7226,inf
385,inf
911,inf
3303,inf
4068,inf
4284,inf
6049,inf
8583,inf
8596,inf
3863,inf
6461,inf
8344,inf
11,inf
920,inf
1673,inf
2822,inf
3621,inf
5424,inf
5547,inf
7948,inf
8922,inf
8931,inf
89,inf
684,inf
840,inf
975,inf
2567,inf
3201,inf
3819,inf
4046,inf
6411,inf
6524,inf
8662,inf
9022,inf
155,inf
1527,inf
1558,inf
1820,inf
1878,inf
3817,inf
4374,inf
4520,inf
5446,inf
6954,inf
7874,inf
8874,inf
4702,inf
5256,inf
7347,inf
7581,inf
8379,inf
8642,inf
949,inf
1493,inf
2530,inf
2780,inf
4179,inf
6102,inf
6208,inf
6714,inf
7340,inf
7918,inf
2116,inf
2573,inf
2835,inf
4152,inf
6985,inf
8127,inf
9141,inf
2149,inf
2781,inf
2794,inf
2882,inf
2928,inf
3582,inf
5749,inf
6592,inf
7843,inf
8755,inf
1135,inf
1276,inf
2237,inf
3126,inf
5433,inf
5663,inf
6631,inf
7390,inf
8078,inf
8599,inf
8808,inf
8973,inf
1266,inf
2431,inf
2815,inf
3104,inf
4101,inf
4123,inf
5347,inf
5699,inf
6474,inf
7119,inf
7146,inf
7611,inf
9057,inf
1565,inf
3238,inf
5321,inf
6337,inf
6481,inf
482,inf
2552,inf
2904,inf
2933,inf
7407,inf
945,inf
3474,inf
7149,inf
6315,inf
545,inf
1525,inf
4755,inf
5522,inf
6572,inf
8159,inf
36,inf
446,inf
1002,inf
1636,inf
1734,inf
2546,inf
3376,inf
4801,inf
5557,inf
7428,inf
8280,inf
8505,inf
1404,inf
2365,inf
2382,inf
2708,inf
2771,inf
4447,inf
6223,inf
6326,inf
6373,inf
7126,inf
7215,inf
7250,inf
8167,inf
8835,inf
8903,inf
54,inf
1332,inf
1515,inf
3497,inf
3786,inf
4392,inf
5291,inf
5822,inf
6664,inf
6730,inf
7393,inf
7812,inf
8474,inf
8632,inf
8880,inf
57,inf
1411,inf
3690,inf
5791,inf
6129,inf
6766,inf
4252,inf
6484,inf
4679,inf
5728,inf
6449,inf
6788,inf
8582,inf
72,inf
346,inf
836,inf
1022,inf
3011,inf
4653,inf
8721,inf
9096,inf
21,inf
197,inf
274,inf
944,inf
1479,inf
2837,inf
4292,inf
4533,inf
4642,inf
5619,inf
8453,inf
8732,inf
367,inf
1128,inf
3851,inf
5043,inf
5543,inf
1824,inf
4897,inf
5326,inf
6500,inf
6505,inf
9007,inf
14,inf
1717,inf
1827,inf
3251,inf
5016,inf
7409,inf
8682,inf
9035,inf
986,inf
1048,inf
1101,inf
3141,inf
3795,inf
5292,inf
5533,inf
947,inf
4254,inf
5060,inf
5395,inf
8411,inf
273,-1.0
653,-1.0
1609,-1.0
5921,-1.0
6389,-1.0
6827,-1.0
7348,-1.0
7704,-1.0
8523,-1.0
3532,-1.0
4132,-1.0
5013,-1.0
5913,-1.0
5915,-1.0
8190,-1.0
8321,-1.0
8504,-1.0
8696,-1.0
3781,-1.0
1326,-1.0
2231,-1.0
3384,-1.0
4851,-1.0
8085,-1.0
8473,-1.0
8718,-1.0
477,-1.0
1329,-1.0
1534,-1.0
3267,-1.0
4706,-1.0
5091,-1.0
7237,-1.0
7623,-1.0
8022,-1.0
1732,-1.0
2098,-1.0
2942,-1.0
4288,-1.0
5286,-1.0
6818,-1.0
8751,-1.0
1833,-1.0
2433,-1.0
3596,-1.0
3685,-1.0
5149,-1.0
6418,-1.0
7027,-1.0
8809,-1.0
9091,-1.0
1449,-1.0
2401,-1.0
3080,-1.0
6952,-1.0
7502,-1.0
6642,-1.0
8114,-1.0
8055,-1.0
2068,-1.0
3295,-1.0
6409,-1.0
6798,-1.0
7733,-1.0
8307,-1.0
220,-1.0
1275,-1.0
3146,-1.0
4730,-1.0
4765,-1.0
5740,-1.0
7364,-1.0
9069,-1.0
1316,-1.0
3047,-1.0
3270,-1.0
3341,-1.0
4085,-1.0
4550,-1.0
5217,-1.0
5338,-1.0
6900,-1.0
7022,-1.0
513,-1.0
833,-1.0
985,-1.0
2975,-1.0
3793,-1.0
5303,-1.0
6454,-1.0
6874,-1.0
363,-1.0
604,-1.0
3655,-1.0
3918,-1.0
4126,-1.0
4294,-1.0
6585,-1.0
8011,-1.0
8492,-1.0
866,-1.0
996,-1.0
1473,-1.0
3390,-1.0
4150,-1.0
7076,-1.0
7531,-1.0
8573,-1.0
2955,-1.0
3472,-1.0
3877,-1.0
355,-1.0
950,-1.0
961,-1.0
1161,-1.0
2443,-1.0
2543,-1.0
3043,-1.0
3541,-1.0
4190,-1.0
5460,-1.0
5831,-1.0
6419,-1.0
7220,-1.0
8522,-1.0
8814,-1.0
8942,-1.0
69,-1.0
169,-1.0
711,-1.0
1151,-1.0
1563,-1.0
4130,-1.0
4543,-1.0
5371,-1.0
6917,-1.0
7285,-1.0
8191,-1.0
8225,-1.0
540,-1.0
1242,-1.0
1433,-1.0
1447,-1.0
4198,-1.0
5283,-1.0
5951,-1.0
6275,-1.0
6667,-1.0
8898,-1.0
1277,-1.0
4243,-1.0
4643,-1.0
1024,-1.0
2672,-1.0
4023,-1.0
5576,-1.0
6876,-1.0
7628,-1.0
7831,-1.0
1334,-1.0
1834,-1.0
1907,-1.0
5666,-1.0
5899,-1.0
6081,-1.0
7245,-1.0
8261,-1.0
8326,-1.0
8398,-1.0
3340,-1.0
3357,-1.0
3492,-1.0
6050,-1.0
7487,-1.0
7665,-1.0
8458,-1.0
8883,-1.0
1285,-1.0
2379,-1.0
3412,-1.0
3902,-1.0
4777,-1.0
4798,-1.0
6832,-1.0
817,-1.0
2031,-1.0
2093,-1.0
2240,-1.0
2977,-1.0
3194,-1.0
4258,-1.0
7252,-1.0
7804,-1.0
8264,-1.0
9024,-1.0
1350,-1.0
2101,-1.0
3259,-1.0
3694,-1.0
4576,-1.0
4875,-1.0
5005,-1.0
8269,-1.0
354,-1.0
1540,-1.0
2448,-1.0
4940,-1.0
5605,-1.0
5798,-1.0
6826,-1.0
8584,-1.0
2790,-1.0
8204,-1.0
8361,-1.0
8449,-1.0
8508,-1.0
3244,-1.0
3703,-1.0
4193,-1.0
4206,-1.0
453,-1.0
1900,-1.0
2877,-1.0
3738,-1.0
3882,-1.0
3888,-1.0
7187,-1.0
8130,-1.0
67,-1.0
3892,-1.0
4473,-1.0
4839,-1.0
5482,-1.0
7229,-1.0
8233,-1.0
3216,-1.0
3629,-1.0
3794,-1.0
6699,-1.0
8469,-1.0
8854,-1.0
1442,-1.0
1956,-1.0
4234,-1.0
5679,-1.0
6891,-1.0
7809,-1.0
8188,-1.0
8756,-1.0
262,-1.0
1109,-1.0
1453,-1.0
1474,-1.0
1829,-1.0
1856,-1.0
2710,-1.0
3166,-1.0
3780,-1.0
3995,-1.0
4272,-1.0
4581,-1.0
5140,-1.0
8119,-1.0
8919,-1.0
143,-1.0
2186,-1.0
2333,-1.0
6710,-1.0
8271,-1.0
328,-1.0
1089,-1.0
1299,-1.0
2770,-1.0
2798,-1.0
3288,-1.0
4151,-1.0
4611,-1.0
5491,-1.0
7736,-1.0
7958,-1.0
9025,-1.0
909,-1.0
1338,-1.0
1821,-1.0
2391,-1.0
4167,-1.0
5538,-1.0
6111,-1.0
7248,-1.0
8122,-1.0
1398,-1.0
3791,-1.0
4544,-1.0
5208,-1.0
5234,-1.0
2016,-1.0
3721,-1.0
5126,-1.0
7075,-1.0
7278,-1.0
8211,-1.0
8841,-1.0
1005,-1.0
5994,-1.0
6233,-1.0
6385,-1.0
7046,-1.0
7298,-1.0
7904,-1.0
2298,-1.0
3128,-1.0
4815,-1.0
6578,-1.0
1303,-1.0
2565,-1.0
4038,-1.0
4365,-1.0
5745,-1.0
5897,-1.0
6135,-1.0
7650,-1.0
38,-1.0
2216,-1.0
4853,-1.0
5410,-1.0
5988,-1.0
7497,-1.0
8490,-1.0
5684,-1.0
1213,-1.0
1360,-1.0
6357,-1.0
6980,-1.0
7801,-1.0
7837,-1.0
8040,-1.0
261,-1.0
798,-1.0
1995,-1.0
2297,-1.0
2754,-1.0
4333,-1.0
4804,-1.0
6196,-1.0
7679,-1.0
7763,-1.0
8244,-1.0
62,-1.0
824,-1.0
1860,-1.0
2504,-1.0
3075,-1.0
3616,-1.0
4017,-1.0
5486,-1.0
5594,-1.0
5639,-1.0
9110,-1.0
123,-1.0
1863,-1.0
2207,-1.0
3136,-1.0
3225,-1.0
3617,-1.0
4453,-1.0
5495,-1.0
5714,-1.0
6016,-1.0
6209,-1.0
6521,-1.0
8396,-1.0
376,-1.0
1198,-1.0
1490,-1.0
1546,-1.0
2604,-1.0
5583,-1.0
5982,-1.0
7300,-1.0
7392,-1.0
7449,-1.0
8300,-1.0
8364,-1.0
373,-1.0
7689,-1.0
8099,-1.0
341,-1.0
1106,-1.0
2328,-1.0
3698,-1.0
6028,-1.0
455,-1.0
751,-1.0
858,-1.0
2275,-1.0
2335,-1.0
2728,-1.0
3482,-1.0
3524,-1.0
3771,-1.0
4142,-1.0
4191,-1.0
5163,-1.0
6005,-1.0
7036,-1.0
7176,-1.0
7635,-1.0
8618,-1.0
148,-1.0
546,-1.0
868,-1.0
2615,-1.0
4403,-1.0
5370,-1.0
5808,-1.0
6153,-1.0
7378,-1.0
8312,-1.0
8684,-1.0
8716,-1.0
595,-1.0
980,-1.0
4775,-1.0
4975,-1.0
5783,-1.0
5845,-1.0
5906,-1.0
6728,-1.0
6976,-1.0
7329,-1.0
7615,-1.0
8039,-1.0
968,-1.0
2375,-1.0
2407,-1.0
3368,-1.0
3776,-1.0
5536,-1.0
5563,-1.0
6669,-1.0
6678,-1.0
6965,-1.0
8958,-1.0
8980,-1.0
4011,-1.0
5070,-1.0
8015,-1.0
8930,-1.0
40,-1.0
109,-1.0
2038,-1.0
2400,-1.0
2488,-1.0
3293,-1.0
4129,-1.0
5702,-1.0
5751,-1.0
7170,-1.0
7194,-1.0
7349,-1.0
8963,-1.0
547,-1.0
1302,-1.0
1933,-1.0
2414,-1.0
3404,-1.0
5193,-1.0
5548,-1.0
6182,-1.0
6433,-1.0
6616,-1.0
8373,-1.0
1011,-1.0
2051,-1.0
3025,-1.0
3360,-1.0
3489,-1.0
3722,-1.0
4204,-1.0
6476,-1.0
6688,-1.0
7120,-1.0
8495,-1.0
8719,-1.0
8728,-1.0
402,-1.0
676,-1.0
827,-1.0
4670,-1.0
4712,-1.0
9006,-1.0
557,-1.0
2636,-1.0
8378,-1.0
9055,-1.0
9123,-1.0
1321,-1.0
2699,-1.0
222,-1.0
459,-1.0
1369,-1.0
2478,-1.0
3531,-1.0
5263,-1.0
5293,-1.0
6304,-1.0
6676,-1.0
766,-1.0
1709,-1.0
1765,-1.0
3059,-1.0
3279,-1.0
3479,-1.0
4030,-1.0
4696,-1.0
4762,-1.0
4983,-1.0
5317,-1.0
6262,-1.0
6378,-1.0
156,-1.0
333,-1.0
787,-1.0
1421,-1.0
3009,-1.0
3219,-1.0
3333,-1.0
4371,-1.0
5322,-1.0
6178,-1.0
6738,-1.0
7000,-1.0
8226,-1.0
8439,-1.0
584,-1.0
2601,-1.0
2661,-1.0
2703,-1.0
3377,-1.0
4177,-1.0
4507,-1.0
5236,-1.0
5758,-1.0
6754,-1.0
7080,-1.0
7388,-1.0
7706,-1.0
8758,-1.0
3686,-1.0
5625,-1.0
6002,-1.0
6367,-1.0
7606,-1.0
8987,-1.0
9033,-1.0
2962,-1.0
3613,-1.0
7066,-1.0
1104,-1.0
1150,-1.0
1665,-1.0
3403,-1.0
3756,-1.0
4106,-1.0
4578,-1.0
4736,-1.0
5092,-1.0
5726,-1.0
5843,-1.0
6093,-1.0
6197,-1.0
6470,-1.0
7761,-1.0
7960,-1.0
290,-1.0
351,-1.0
1738,-1.0
3256,-1.0
3711,-1.0
4143,-1.0
4787,-1.0
5169,-1.0
5223,-1.0
5228,-1.0
5610,-1.0
7275,-1.0
7310,-1.0
7725,-1.0
8315,-1.0
656,-1.0
712,-1.0
1239,-1.0
2291,-1.0
3282,-1.0
4232,-1.0
4340,-1.0
5612,-1.0
6176,-1.0
6212,-1.0
7474,-1.0
9078,-1.0
50,-1.0
245,-1.0
1290,-1.0
1641,-1.0
2033,-1.0
3398,-1.0
4261,-1.0
5205,-1.0
6465,-1.0
6715,-1.0
7805,-1.0
8216,-1.0
8404,-1.0
384,-1.0
2307,-1.0
2768,-1.0
3550,-1.0
4049,-1.0
4081,-1.0
4329,-1.0
4949,-1.0
6200,-1.0
6473,-1.0
6752,-1.0
2054,-1.0
2418,-1.0
5224,-1.0
5541,-1.0
5881,-1.0
7217,-1.0
423,-1.0
532,-1.0
821,-1.0
1087,-1.0
2151,-1.0
3148,-1.0
3631,-1.0
8705,-1.0
184,-1.0
356,-1.0
855,-1.0
1670,-1.0
2639,-1.0
3481,-1.0
8676,-1.0
553,-1.0
593,-1.0
870,-1.0
969,-1.0
1918,-1.0
3343,-1.0
3630,-1.0
3958,-1.0
4518,-1.0
5718,-1.0
6157,-1.0
6908,-1.0
7357,-1.0
7714,-1.0
8339,-1.0
8624,-1.0
952,-1.0
3072,-1.0
3867,-1.0
3964,-1.0
3982,-1.0
4610,-1.0
5247,-1.0
6279,-1.0
7411,-1.0
8607,-1.0
617,-1.0
896,-1.0
1281,-1.0
1849,-1.0
2095,-1.0
2134,-1.0
3845,-1.0
3857,-1.0
5047,-1.0
5074,-1.0
389,-1.0
670,-1.0
938,-1.0
1389,-1.0
2196,-1.0
2206,-1.0
4027,-1.0
4091,-1.0
5188,-1.0
5847,-1.0
6149,-1.0
6270,-1.0
7129,-1.0
7546,-1.0
8697,-1.0
8729,-1.0
74,-1.0
386,-1.0
1739,-1.0
3037,-1.0
3920,-1.0
4490,-1.0
6084,-1.0
8050,-1.0
8174,-1.0
8298,-1.0
8333,-1.0
8574,-1.0
103,-1.0
461,-1.0
845,-1.0
848,-1.0
1227,-1.0
1342,-1.0
2932,-1.0
3101,-1.0
3906,-1.0
3988,-1.0
4144,-1.0
5006,-1.0
6793,-1.0
7064,-1.0
7977,-1.0
7986,-1.0
7988,-1.0
8075,-1.0
249,-1.0
272,-1.0
876,-1.0
939,-1.0
1319,-1.0
2526,-1.0
3814,-1.0
5330,-1.0
6767,-1.0
7290,-1.0
7370,-1.0
8141,-1.0
8094,-1.0
4401,-1.0
46,-1.0
152,-1.0
442,-1.0
1366,-1.0
1383,-1.0
1808,-1.0
2277,-1.0
2963,-1.0
3789,-1.0
4892,-1.0
5667,-1.0
7539,-1.0
9114,-1.0
854,-1.0
1037,-1.0
1903,-1.0
2730,-1.0
3554,-1.0
4629,-1.0
5772,-1.0
5779,-1.0
6163,-1.0
7505,-1.0
8291,-1.0
914,-1.0
2014,-1.0
3197,-1.0
3372,-1.0
3382,-1.0
3399,-1.0
3598,-1.0
4784,-1.0
4793,-1.0
5023,-1.0
7642,-1.0
8788,-1.0
507,-1.0
1519,-1.0
1553,-1.0
1750,-1.0
2397,-1.0
2455,-1.0
2656,-1.0
3772,-1.0
3813,-1.0
4850,-1.0
5771,-1.0
7173,-1.0
7321,-1.0
7881,-1.0
8025,-1.0
8214,-1.0
8636,-1.0
8831,-1.0
8878,-1.0
9048,-1.0
1171,-1.0
2245,-1.0
2698,-1.0
2979,-1.0
3019,-1.0
3342,-1.0
3388,-1.0
4591,-1.0
6339,-1.0
6836,-1.0
8330,-1.0
1562,-1.0
4524,-1.0
5582,-1.0
321,-1.0
1362,-1.0
4233,-1.0
4937,-1.0
6023,-1.0
6708,-1.0
7162,-1.0
7189,-1.0
8295,-1.0
8617,-1.0
9139,-1.0
609,-1.0
1045,-1.0
1724,-1.0
2762,-1.0
2850,-1.0
6246,-1.0
6289,-1.0
6298,-1.0
7306,-1.0
7803,-1.0
8246,-1.0
190,-1.0
338,-1.0
594,-1.0
1263,-1.0
1364,-1.0
1429,-1.0
1569,-1.0
2324,-1.0
4111,-1.0
4332,-1.0
4925,-1.0
6318,-1.0
6909,-1.0
7142,-1.0
7313,-1.0
228,-1.0
976,-1.0
2484,-1.0
2500,-1.0
2670,-1.0
3646,-1.0
4227,-1.0
5324,-1.0
5788,-1.0
7273,-1.0
8443,-1.0
9012,-1.0
173,-1.0
978,-1.0
1368,-1.0
2308,-1.0
2537,-1.0
4472,-1.0
7101,-1.0
8403,-1.0
530,-1.0
8568,-1.0
8585,-1.0
542,-1.0
793,-1.0
1897,-1.0
2022,-1.0
2821,-1.0
3337,-1.0
3623,-1.0
3692,-1.0
3934,-1.0
4107,-1.0
4176,-1.0
4197,-1.0
7190,-1.0
7209,-1.0
8554,-1.0
1122,-1.0
2235,-1.0
2818,-1.0
2905,-1.0
3100,-1.0
3217,-1.0
3693,-1.0
3699,-1.0
3866,-1.0
3978,-1.0
4590,-1.0
5905,-1.0
6807,-1.0
6975,-1.0
7448,-1.0
8673,-1.0
644,-1.0
757,-1.0
758,-1.0
1054,-1.0
1157,-1.0
1245,-1.0
2210,-1.0
2797,-1.0
3163,-1.0
3260,-1.0
3345,-1.0
4323,-1.0
4692,-1.0
7731,-1.0
8168,-1.0
8629,-1.0
8734,-1.0
9116,-1.0
63,-1.0
136,-1.0
265,-1.0
2003,-1.0
2779,-1.0
3015,-1.0
3577,-1.0
4859,-1.0
5924,-1.0
7470,-1.0
7478,-1.0
8292,-1.0
8888,-1.0
527,-1.0
2048,-1.0
2472,-1.0
6906,-1.0
8279,-1.0
66,-1.0
1356,-1.0
6491,-1.0
23,-1.0
1556,-1.0
1628,-1.0
1778,-1.0
2549,-1.0
2901,-1.0
2956,-1.0
3416,-1.0
3433,-1.0
4231,-1.0
4715,-1.0
5146,-1.0
5359,-1.0
6329,-1.0
6350,-1.0
6967,-1.0
6969,-1.0
7225,-1.0
7234,-1.0
7544,-1.0
8609,-1.0
919,-1.0
1046,-1.0
2895,-1.0
3369,-1.0
3833,-1.0
4262,-1.0
4683,-1.0
4776,-1.0
6308,-1.0
7389,-1.0
7570,-1.0
7618,-1.0
115,-1.0
1092,-1.0
1645,-1.0
2674,-1.0
2743,-1.0
3209,-1.0
3296,-1.0
3354,-1.0
3924,-1.0
4880,-1.0
5414,-1.0
6512,-1.0
6548,-1.0
6831,-1.0
7167,-1.0
7199,-1.0
7336,-1.0
8331,-1.0
8335,-1.0
9032,-1.0
464,-1.0
1403,-1.0
3200,-1.0
3426,-1.0
5270,-1.0
5554,-1.0
6041,-1.0
7399,-1.0
8082,-1.0
8478,-1.0
8990,-1.0
1097,-1.0
1508,-1.0
2043,-1.0
3060,-1.0
4140,-1.0
4279,-1.0
6993,-1.0
7416,-1.0
7504,-1.0
8198,-1.0
4289,-1.0
4502,-1.0
4963,-1.0
5711,-1.0
144,-1.0
209,-1.0
297,-1.0
663,-1.0
1408,-1.0
1412,-1.0
1539,-1.0
3411,-1.0
4672,-1.0
6452,-1.0
6741,-1.0
6928,-1.0
6986,-1.0
7521,-1.0
8557,-1.0
8772,-1.0
571,-1.0
921,-1.0
2158,-1.0
6291,-1.0
6391,-1.0
6413,-1.0
6514,-1.0
6724,-1.0
7823,-1.0
8163,-1.0
8518,-1.0
9118,-1.0
444,-1.0
471,-1.0
1496,-1.0
1626,-1.0
3595,-1.0
3879,-1.0
3912,-1.0
6132,-1.0
8187,-1.0
623,-1.0
789,-1.0
849,-1.0
1215,-1.0
1604,-1.0
1680,-1.0
2610,-1.0
4139,-1.0
4911,-1.0
5002,-1.0
5119,-1.0
5166,-1.0
5904,-1.0
7341,-1.0
7345,-1.0
7450,-1.0
8068,-1.0
3700,-1.0
4757,-1.0
5009,-1.0
6568,-1.0
6703,-1.0
9129,-1.0
8825,-1.0
958,-1.0
1550,-1.0
1983,-1.0
2396,-1.0
3687,-1.0
3976,-1.0
3991,-1.0
4390,-1.0
4938,-1.0
6257,-1.0
8959,-1.0
217,-1.0
612,-1.0
707,-1.0
1339,-1.0
1510,-1.0
1917,-1.0
2079,-1.0
3062,-1.0
3273,-1.0
3729,-1.0
4675,-1.0
7406,-1.0
8451,-1.0
8580,-1.0
8670,-1.0
9121,-1.0
548,-1.0
1419,-1.0
2506,-1.0
2810,-1.0
4449,-1.0
4832,-1.0
5534,-1.0
5759,-1.0
5984,-1.0
7889,-1.0
7966,-1.0
8250,-1.0
55,-1.0
1121,-1.0
3030,-1.0
7087,-1.0
8466,-1.0
8871,-1.0
1520,-1.0
3836,-1.0
3856,-1.0
5622,-1.0
6615,-1.0
6709,-1.0
8314,-1.0
3551,-1.0
420,-1.0
796,-1.0
1410,-1.0
1504,-1.0
1831,-1.0
2241,-1.0
3461,-1.0
3505,-1.0
3691,-1.0
4125,-1.0
5342,-1.0
6528,-1.0
6878,-1.0
7020,-1.0
7535,-1.0
8316,-1.0
383,-1.0
730,-1.0
1354,-1.0
2239,-1.0
3715,-1.0
4094,-1.0
4571,-1.0
5507,-1.0
5621,-1.0
5941,-1.0
6468,-1.0
6606,-1.0
7314,-1.0
7458,-1.0
7784,-1.0
105,-1.0
199,-1.0
1305,-1.0
2440,-1.0
3941,-1.0
4906,-1.0
5045,-1.0
5244,-1.0
5891,-1.0
5907,-1.0
6403,-1.0
7860,-1.0
8126,-1.0
8460,-1.0
405,-1.0
3881,-1.0
4556,-1.0
4691,-1.0
5007,-1.0
5852,-1.0
6185,-1.0
6218,-1.0
6743,-1.0
6813,-1.0
7968,-1.0
8182,-1.0
8869,-1.0
8962,-1.0
1754,-1.0
2568,-1.0
4223,-1.0
5167,-1.0
6299,-1.0
6577,-1.0
8086,-1.0
8489,-1.0
2495,-1.0
2995,-1.0
4604,-1.0
6611,-1.0
7865,-1.0
946,-1.0
1265,-1.0
4893,-1.0
5242,-1.0
5380,-1.0
5448,-1.0
8720,-1.0
162,-1.0
2438,-1.0
2475,-1.0
2840,-1.0
3188,-1.0
5034,-1.0
6439,-1.0
7821,-1.0
8801,-1.0
189,-1.0
1231,-1.0
1675,-1.0
2300,-1.0
2557,-1.0
3215,-1.0
3245,-1.0
8577,-1.0
1073,-1.0
1130,-1.0
5674,-1.0
6610,-1.0
374,-1.0
2074,-1.0
3313,-1.0
3346,-1.0
3522,-1.0
3849,-1.0
4412,-1.0
5506,-1.0
6681,-1.0
7212,-1.0
8690,-1.0
213,-1.0
1000,-1.0
1199,-1.0
2570,-1.0
2714,-1.0
3587,-1.0
4168,-1.0
4170,-1.0
5372,-1.0
6858,-1.0
6885,-1.0
7797,-1.0
8076,-1.0
8605,-1.0
468,-1.0
1169,-1.0
1454,-1.0
2024,-1.0
2325,-1.0
3671,-1.0
3818,-1.0
4634,-1.0
5652,-1.0
6598,-1.0
6838,-1.0
6857,-1.0
6881,-1.0
7562,-1.0
8820,-1.0
9107,-1.0
1401,-1.0
1752,-1.0
2234,-1.0
2706,-1.0
2736,-1.0
4058,-1.0
4491,-1.0
4500,-1.0
4827,-1.0
4939,-1.0
5914,-1.0
6214,-1.0
7061,-1.0
7999,-1.0
8548,-1.0
8681,-1.0
1557,-1.0
1922,-1.0
2916,-1.0
2937,-1.0
4275,-1.0
5050,-1.0
5057,-1.0
5073,-1.0
5568,-1.0
5603,-1.0
5716,-1.0
5855,-1.0
8435,-1.0
8707,-1.0
8711,-1.0
4427,-1.0
1246,-1.0
1498,-1.0
1654,-1.0
1737,-1.0
3688,-1.0
5839,-1.0
6091,-1.0
7617,-1.0
8150,-1.0
8252,-1.0
8833,-1.0
8961,-1.0
903,-1.0
987,-1.0
1141,-1.0
1221,-1.0
1715,-1.0
2419,-1.0
3229,-1.0
4291,-1.0
4806,-1.0
5266,-1.0
8870,-1.0
1291,-1.0
1351,-1.0
1441,-1.0
1570,-1.0
2974,-1.0
3463,-1.0
4080,-1.0
5044,-1.0
5748,-1.0
6693,-1.0
6903,-1.0
7891,-1.0
8920,-1.0
501,-1.0
1630,-1.0
2732,-1.0
3983,-1.0
4463,-1.0
5164,-1.0
5727,-1.0
6865,-1.0
6929,-1.0
7323,-1.0
8566,-1.0
8775,-1.0
316,-1.0
522,-1.0
1085,-1.0
1210,-1.0
3203,-1.0
4037,-1.0
5777,-1.0
6887,-1.0
7328,-1.0
7464,-1.0
8092,-1.0
8798,-1.0
159,-1.0
915,-1.0
1712,-1.0
2663,-1.0
2829,-1.0
4405,-1.0
5402,-1.0
6687,-1.0
8438,-1.0
651,-1.0
1017,-1.0
3292,-1.0
3806,-1.0
4456,-1.0
4474,-1.0
4840,-1.0
5171,-1.0
5209,-1.0
5297,-1.0
6750,-1.0
7007,-1.0
7488,-1.0
8110,-1.0
8382,-1.0
218,-1.0
741,-1.0
1139,-1.0
1313,-1.0
1832,-1.0
2280,-1.0
3374,-1.0
3886,-1.0
4764,-1.0
5276,-1.0
5575,-1.0
5615,-1.0
7657,-1.0
8000,-1.0
8782,-1.0
161,-1.0
179,-1.0
238,-1.0
1511,-1.0
1927,-1.0
2726,-1.0
3145,-1.0
3998,-1.0
4482,-1.0
4620,-1.0
4626,-1.0
5604,-1.0
5741,-1.0
8595,-1.0
8784,-1.0
544,-1.0
1260,-1.0
1492,-1.0
2890,-1.0
2996,-1.0
3428,-1.0
4183,-1.0
4415,-1.0
5183,-1.0
5704,-1.0
6423,-1.0
6893,-1.0
8413,-1.0
9018,-1.0
332,-1.0
776,-1.0
1620,-1.0
1731,-1.0
1851,-1.0
3118,-1.0
3154,-1.0
3439,-1.0
3635,-1.0
3717,-1.0
4729,-1.0
4799,-1.0
4987,-1.0
5036,-1.0
7337,-1.0
8020,-1.0
8253,-1.0
8630,-1.0
905,inf
1293,inf
3051,inf
3767,inf
3962,inf
4664,inf
4889,inf
5385,inf
5544,inf
6530,inf
8185,inf
7936,inf
525,inf
652,inf
1179,inf
1994,inf
2598,inf
2665,inf
2796,inf
2931,inf
4200,inf
5848,inf
5866,inf
6404,inf
7541,inf
7921,inf
426,inf
862,inf
1258,inf
1414,inf
1682,inf
1744,inf
2138,inf
2260,inf
2458,inf
4420,inf
4457,inf
6220,inf
6455,inf
6958,inf
7835,inf
8032,inf
8293,inf
153,inf
997,inf
1952,inf
2920,inf
4155,inf
4162,inf
4350,inf
4537,inf
5743,inf
6241,inf
6844,inf
8043,inf
8108,inf
1413,inf
3045,inf
3575,inf
4278,inf
4400,inf
4687,inf
5373,inf
5469,inf
5529,inf
5738,inf
5970,inf
6067,inf
6106,inf
7775,inf
7971,inf
8026,inf
1177,inf
1810,inf
2017,inf
3294,inf
3588,inf
4598,inf
4741,inf
6608,inf
829,inf
3530,inf
4362,inf
5607,inf
6134,inf
6206,inf
6438,inf
7006,inf
7333,inf
7574,inf
434,inf
524,inf
628,inf
1080,inf
1481,inf
2174,inf
3644,inf
4489,inf
4701,inf
4797,inf
4870,inf
5176,inf
6345,inf
6395,inf
6396,inf
6550,inf
7191,inf
8231,inf
8512,inf
8834,inf
324,inf
1776,inf
2744,inf
2982,inf
3151,inf
3467,inf
3480,inf
3519,inf
4108,inf
4506,inf
4631,inf
4720,inf
5423,inf
5483,inf
6166,inf
8507,inf
260,inf
635,inf
1060,inf
2369,inf
2427,inf
5628,inf
6117,inf
6442,inf
7318,inf
8062,inf
100,inf
151,inf
756,inf
1223,inf
1446,inf
1761,inf
1964,inf
2477,inf
2588,inf
2676,inf
2679,inf
3590,inf
4016,inf
4516,inf
5273,inf
5517,inf
5792,inf
6236,inf
6837,inf
7089,inf
7112,inf
515,inf
3361,inf
3538,inf
4203,inf
5632,inf
7002,inf
7320,inf
8105,inf
8416,inf
1894,inf
2861,inf
4096,inf
5196,inf
7463,inf
4077,inf
203,inf
936,inf
1797,inf
1948,inf
2393,inf
2533,inf
3006,inf
3459,inf
4099,inf
5031,inf
6406,inf
6948,inf
7873,inf
8063,inf
8957,inf
1058,inf
1953,inf
2119,inf
2511,inf
2668,inf
2729,inf
4247,inf
4681,inf
4770,inf
5157,inf
6142,inf
6894,inf
8029,inf
8384,inf
8932,inf
8979,inf
9043,inf
791,inf
800,inf
1649,inf
1912,inf
1962,inf
2087,inf
2201,inf
2490,inf
3366,inf
3908,inf
3999,inf
4020,inf
5232,inf
5942,inf
6904,inf
7018,inf
7137,inf
7759,inf
8096,inf
8282,inf
8763,inf
8862,inf
955,inf
1960,inf
2409,inf
2749,inf
3122,inf
4864,inf
4865,inf
5403,inf
5687,inf
7429,inf
8530,inf
476,inf
4884,inf
6099,inf
6113,inf
7038,inf
7079,inf
600,inf
3602,inf
8051,inf
1194,inf
1755,inf
3800,inf
4215,inf
4936,inf
5631,inf
5959,inf
6559,inf
7048,inf
7081,inf
7214,inf
8698,inf
10,inf
883,inf
1965,inf
2344,inf
2994,inf
3081,inf
3558,inf
4318,inf
5640,inf
5861,inf
6331,inf
6675,inf
6978,inf
7344,inf
7377,inf
7439,inf
7883,inf
8230,inf
8992,inf
235,inf
552,inf
555,inf
636,inf
1038,inf
1178,inf
1295,inf
1309,inf
2306,inf
2363,inf
2560,inf
3619,inf
3944,inf
4134,inf
4302,inf
4376,inf
4562,inf
4896,inf
5021,inf
5115,inf
6591,inf
6771,inf
6947,inf
7227,inf
7586,inf
7896,inf
8235,inf
164,inf
382,inf
1835,inf
2162,inf
2221,inf
2482,inf
2483,inf
4024,inf
4210,inf
4587,inf
6252,inf
7528,inf
315,inf
537,inf
578,inf
709,inf
752,inf
1506,inf
1614,inf
2137,inf
2851,inf
4349,inf
5756,inf
6038,inf
6668,inf
6734,inf
7256,inf
7263,inf
7466,inf
7724,inf
8285,inf
8657,inf
1605,inf
1625,inf
4245,inf
4574,inf
8688,inf
248,inf
701,inf
729,inf
1916,inf
2243,inf
3876,inf
4307,inf
4924,inf
5087,inf
5088,inf
5524,inf
6421,inf
6601,inf
7201,inf
7553,inf
8368,inf
84,inf
96,inf
1059,inf
1154,inf
1566,inf
1633,inf
2687,inf
3086,inf
3696,inf
4298,inf
5708,inf
5989,inf
6140,inf
6934,inf
7351,inf
7471,inf
7678,inf
8256,inf
9113,inf
2192,inf
2469,inf
2799,inf
2993,inf
3235,inf
3977,inf
4104,inf
4242,inf
5844,inf
7062,inf
7186,inf
8860,inf
8939,inf
52,inf
170,inf
1006,inf
2269,inf
2278,inf
2960,inf
4055,inf
4173,inf
4545,inf
4592,inf
4843,inf
4953,inf
5180,inf
6707,inf
6846,inf
7935,inf
8189,inf
8995,inf
177,inf
1774,inf
5430,inf
5643,inf
5789,inf
5862,inf
6359,inf
7626,inf
998,inf
1543,inf
2080,inf
2804,inf
5562,inf
7585,inf
7697,inf
898,inf
1165,inf
1462,inf
1782,inf
2346,inf
2591,inf
3305,inf
4593,inf
4744,inf
4952,inf
6749,inf
7698,inf
8787,inf
8891,inf
334,inf
679,inf
923,inf
1168,inf
1622,inf
1904,inf
2178,inf
2638,inf
3207,inf
4221,inf
4942,inf
5000,inf
5459,inf
7034,inf
8113,inf
605,inf
1142,inf
1205,inf
1467,inf
2594,inf
4073,inf
5490,inf
5661,inf
6756,inf
6916,inf
8212,inf
8345,inf
1544,inf
1974,inf
2929,inf
3056,inf
4792,inf
5856,inf
6040,inf
6313,inf
6553,inf
6898,inf
7404,inf
7840,inf
8875,inf
8927,inf
815,inf
1407,inf
2519,inf
4100,inf
4201,inf
4407,inf
7514,inf
7616,inf
369,inf
526,inf
2398,inf
2539,inf
2807,inf
4021,inf
4048,inf
4380,inf
5138,inf
6230,inf
6314,inf
6961,inf
7289,inf
7638,inf
7744,inf
7760,inf
8152,inf
330,inf
1186,inf
1836,inf
2070,inf
3526,inf
3768,inf
3891,inf
4339,inf
4494,inf
4617,inf
5253,inf
5916,inf
6003,inf
6183,inf
6277,inf
6363,inf
7069,inf
7150,inf
7816,inf
8840,inf
160,inf
710,inf
860,inf
1110,inf
1576,inf
2002,inf
2165,inf
2529,inf
2583,inf
2827,inf
3003,inf
3195,inf
3330,inf
4437,inf
4483,inf
5207,inf
6700,inf
6753,inf
8771,inf
9092,inf
9127,inf
437,inf
599,inf
1190,inf
1985,inf
2029,inf
2366,inf
3604,inf
3966,inf
4061,inf
5083,inf
6138,inf
6507,inf
6573,inf
7383,inf
7856,inf
8347,inf
8586,inf
487,inf
686,inf
760,inf
2197,inf
2689,inf
2824,inf
2902,inf
3093,inf
3247,inf
3907,inf
5136,inf
7011,inf
8083,inf
8139,inf
8701,inf
8817,inf
387,inf
632,inf
1098,inf
2834,inf
4229,inf
4548,inf
5334,inf
5642,inf
5807,inf
7376,inf
7727,inf
8757,inf
1599,inf
2123,inf
2388,inf
2719,inf
3129,inf
3534,inf
5220,inf
5425,inf
5968,inf
6386,inf
6758,inf
7658,inf
7905,inf
8069,inf
8100,inf
8273,inf
8907,inf
31,inf
559,inf
691,inf
1602,inf
1958,inf
2517,inf
4047,inf
5041,inf
5464,inf
5876,inf
6907,inf
7762,inf
8334,inf
8813,inf
412,inf
1030,inf
1218,inf
2143,inf
2738,inf
2764,inf
3248,inf
3959,inf
5404,inf
5505,inf
6651,inf
7612,inf
8215,inf
8644,inf
8672,inf
9138,inf
779,inf
882,inf
1076,inf
1554,inf
2349,inf
2772,inf
2940,inf
3221,inf
3362,inf
4358,inf
4439,inf
5307,inf
5515,inf
6108,inf
6792,inf
6847,inf
7987,inf
8493,inf
1384,inf
1584,inf
2647,inf
3316,inf
3540,inf
3697,inf
4549,inf
5775,inf
6369,inf
7768,inf
7952,inf
8104,inf
8415,inf
618,inf
2479,inf
2795,inf
4656,inf
7196,inf
8140,inf
8358,inf
39,inf
252,inf
518,inf
1348,inf
2514,inf
3250,inf
3557,inf
4384,inf
5688,inf
6082,inf
6652,inf
7670,inf
8266,inf
8309,inf
8538,inf
211,inf
472,inf
508,inf
1208,inf
1846,inf
2100,inf
2268,inf
3257,inf
3491,inf
4084,inf
4378,inf
4601,inf
6638,inf
7208,inf
124,inf
300,inf
1192,inf
1211,inf
1472,inf
1957,inf
3266,inf
4594,inf
4823,inf
4958,inf
5199,inf
5216,inf
5564,inf
5566,inf
6472,inf
7041,inf
7639,inf
7834,inf
7848,inf
8608,inf
8664,inf
8760,inf
8764,inf
991,inf
1944,inf
1959,inf
2001,inf
2276,inf
3745,inf
4315,inf
5832,inf
5873,inf
5909,inf
6375,inf
6562,inf
6814,inf
649,inf
677,inf
774,inf
932,inf
1286,inf
1561,inf
1608,inf
1844,inf
2046,inf
2860,inf
3027,inf
3900,inf
5185,inf
5874,inf
5927,inf
5957,inf
7074,inf
7268,inf
7595,inf
7916,inf
7946,inf
8388,inf
8837,inf
9093,inf
2322,inf
3358,inf
3870,inf
5539,inf
7677,inf
8052,inf
58,inf
1034,inf
1307,inf
2062,inf
6544,inf
6661,inf
7543,inf
7998,inf
8360,inf
8549,inf
8839,inf
8953,inf
180,inf
805,inf
842,inf
1119,inf
1623,inf
2072,inf
2659,inf
4238,inf
4534,inf
5014,inf
5552,inf
5614,inf
6078,inf
6118,inf
6125,inf
6300,inf
6317,inf
6415,inf
6543,inf
7136,inf
7933,inf
8081,inf
8240,inf
8275,inf
8628,inf
8749,inf
9045,inf
873,inf
1346,inf
1674,inf
3796,inf
4857,inf
5549,inf
7419,inf
7718,inf
7937,inf
8726,inf
904,inf
983,inf
1507,inf
1910,inf
2704,inf
3183,inf
3549,inf
4680,inf
6065,inf
6151,inf
6384,inf
6426,inf
7515,inf
7567,inf
7955,inf
705,inf
1588,inf
1873,inf
2027,inf
2141,inf
2395,inf
2990,inf
3561,inf
4195,inf
4396,inf
5816,inf
5964,inf
6201,inf
6259,inf
6649,inf
7045,inf
8041,inf
8338,inf
8885,inf
8908,inf
2705,inf
3364,inf
3682,inf
5134,inf
8960,inf
8829,inf
2189,inf
2556,inf
3446,inf
3564,inf
3880,inf
4890,inf
5445,inf
5637,inf
5887,inf
5944,inf
6114,inf
6319,inf
6535,inf
6621,inf
7260,inf
7965,inf
8056,inf
8450,inf
9070,inf
585,inf
1003,inf
1132,inf
1214,inf
1618,inf
2092,inf
2389,inf
3144,inf
4015,inf
4156,inf
5285,inf
6235,inf
6722,inf
6953,inf
7580,inf
7771,inf
8012,inf
8272,inf
8750,inf
288,inf
488,inf
516,inf
1035,inf
2420,inf
2635,inf
3071,inf
4145,inf
4504,inf
4515,inf
4528,inf
4704,inf
5780,inf
7481,inf
8794,inf
8877,inf
1004,inf
1324,inf
1662,inf
2104,inf
2911,inf
3679,inf
4166,inf
4585,inf
4743,inf
4874,inf
5925,inf
6107,inf
6864,inf
7111,inf
7159,inf
7235,inf
8010,inf
8024,inf
8997,inf
9037,inf
410,inf
981,inf
1532,inf
1768,inf
4566,inf
4607,inf
4912,inf
6654,inf
6882,inf
7807,inf
8353,inf
9044,inf
9090,inf
970,inf
1222,inf
3028,inf
993,inf
1340,inf
2136,inf
2205,inf
2793,inf
2887,inf
3400,inf
3769,inf
4523,inf
4644,inf
6323,inf
7994,inf
8254,inf
8299,inf
8611,inf
8844,inf
457,inf
1207,inf
2208,inf
2386,inf
3005,inf
3054,inf
3527,inf
3821,inf
3855,inf
3859,inf
4135,inf
5101,inf
5344,inf
5405,inf
7425,inf
7708,inf
8067,inf
8376,inf
8479,inf
8593,inf
8803,inf
71,inf
662,inf
1044,inf
1549,inf
1677,inf
1749,inf
2225,inf
2773,inf
2896,inf
3254,inf
3263,inf
4740,inf
5251,inf
5849,inf
5926,inf
6466,inf
6852,inf
8001,inf
8151,inf
8356,inf
8735,inf
208,inf
657,inf
1301,inf
1997,inf
2394,inf
2553,inf
3007,inf
3573,inf
4812,inf
6496,inf
7454,inf
7721,inf
8171,inf
8193,inf
129,inf
185,inf
305,inf
775,inf
1249,inf
1946,inf
2089,inf
2957,inf
3592,inf
4621,inf
5436,inf
5443,inf
7898,inf
8044,inf
8746,inf
5261,inf
6205,inf
533,inf
1721,inf
1890,inf
2442,inf
2805,inf
4328,inf
5132,inf
6047,inf
6159,inf
6435,inf
6745,inf
6960,inf
7302,inf
7403,inf
7461,inf
8089,inf
8627,inf
125,inf
1312,inf
1476,inf
2646,inf
3099,inf
3801,inf
3828,inf
4148,inf
4630,inf
4639,inf
4844,inf
5320,inf
5422,inf
5542,inf
5754,inf
5902,inf
6158,inf
6216,inf
6556,inf
6799,inf
7037,inf
8433,inf
8887,inf
587,inf
847,inf
1090,inf
1444,inf
1803,inf
2264,inf
2551,inf
3020,inf
4330,inf
4359,inf
4404,inf
4904,inf
5084,inf
5137,inf
5900,inf
6172,inf
7236,inf
7751,inf
7949,inf
8286,inf
3153,inf
3625,inf
6650,inf
706,inf
1459,inf
1672,inf
1875,inf
2077,inf
2219,inf
3890,inf
4147,inf
5302,inf
6006,inf
6306,inf
7338,inf
7451,inf
7597,inf
8448,inf
368,inf
4418,inf
5397,inf
5762,inf
6063,inf
6736,inf
7747,inf
8470,inf
8559,inf
8578,inf
8994,inf
1968,inf
2247,inf
2862,inf
3044,inf
3406,inf
4093,inf
6394,inf
7910,inf
8202,inf
8392,inf
8425,inf
8428,inf
8592,inf
8738,inf
280,inf
1676,inf
2042,inf
2198,inf
3107,inf
4423,inf
5910,inf
5995,inf
7004,inf
7155,inf
7990,inf
8693,inf
8810,inf
718,inf
2516,inf
6136,inf
1799,inf
2715,inf
2742,inf
4026,inf
4366,inf
4877,inf
5063,inf
6704,inf
6777,inf
674,inf
1344,inf
1815,inf
2619,inf
2843,inf
3205,inf
3645,inf
4416,inf
4998,inf
5796,inf
6097,inf
6123,inf
6643,inf
6670,inf
6805,inf
7707,inf
7785,inf
8095,inf
8128,inf
8793,inf
667,inf
1016,inf
1026,inf
1494,inf
1924,inf
1945,inf
3042,inf
3409,inf
3758,inf
4616,inf
5024,inf
5806,inf
5872,inf
5934,inf
5945,inf
6390,inf
6448,inf
6723,inf
7795,inf
8242,inf
8897,inf
9042,inf
9102,inf
1220,inf
1767,inf
1938,inf
2914,inf
3033,inf
3356,inf
5237,inf
5485,inf
5858,inf
6702,inf
8622,inf
275,inf
358,inf
2044,inf
2602,inf
3735,inf
3889,inf
4036,inf
4615,inf
4871,inf
6045,inf
6302,inf
6712,inf
7148,inf
7267,inf
7508,inf
8088,inf
8267,inf
97,inf
1353,inf
4944,inf
6787,inf
7675,inf
7742,inf
7755,inf
736,inf
1720,inf
1751,inf
2090,inf
2146,inf
2222,inf
2869,inf
3077,inf
3150,inf
3269,inf
4461,inf
4584,inf
4813,inf
4933,inf
5229,inf
5813,inf
8289,inf
8447,inf
404,inf
603,inf
808,inf
1483,inf
1531,inf
2313,inf
2918,inf
2967,inf
3494,inf
4120,inf
4249,inf
4304,inf
4745,inf
4838,inf
4881,inf
5250,inf
5323,inf
5386,inf
5456,inf
5696,inf
5893,inf
6290,inf
6673,inf
8277,inf
8305,inf
111,inf
195,inf
512,inf
586,inf
995,inf
2368,inf
2466,inf
2618,inf
3725,inf
3947,inf
4305,inf
4444,inf
4551,inf
4555,inf
4713,inf
5231,inf
6382,inf
6845,inf
8136,inf
8206,inf
8390,inf
296,inf
370,inf
1500,inf
1725,inf
2358,inf
2791,inf
3516,inf
4985,inf
5725,inf
6169,inf
6358,inf
6790,inf
7842,inf
8118,inf
8405,inf
8543,inf
9059,inf
734,inf
894,inf
1068,inf
2512,inf
3184,inf
3502,inf
3838,inf
3946,inf
4240,inf
6217,inf
7025,inf
8679,inf
8867,inf
5786,inf
9027,inf
541,inf
591,inf
754,inf
1078,inf
1647,inf
2236,inf
2701,inf
4503,inf
4717,inf
4848,inf
5011,inf
5295,inf
5567,inf
5590,inf
5867,inf
6469,inf
6517,inf
6540,inf
7500,inf
8328,inf
8480,inf
8863,inf
963,inf
2563,inf
6141,inf
6679,inf
6774,inf
6862,inf
7053,inf
7271,inf
7861,inf
8042,inf
9086,inf
678,inf
1146,inf
1203,inf
1502,inf
2135,inf
2684,inf
3000,inf
3156,inf
3160,inf
3418,inf
4087,inf
4347,inf
4425,inf
4758,inf
4836,inf
6763,inf
7052,inf
7058,inf
7819,inf
7866,inf
8648,inf
16,inf
104,inf
364,inf
428,inf
490,inf
937,inf
1235,inf
1610,inf
2596,inf
2777,inf
3669,inf
3762,inf
3913,inf
4647,inf
4750,inf
4763,inf
5335,inf
5763,inf
6422,inf
6498,inf
6879,inf
8685,inf
8706,inf
9052,inf
1443,inf
2474,inf
3339,inf
3571,inf
4137,inf
4402,inf
5352,inf
5649,inf
7272,inf
7384,inf
7604,inf
8311,inf
94,inf
721,inf
4271,inf
4673,inf
5800,inf
6897,inf
556,inf
1458,inf
1895,inf
1966,inf
2059,inf
2528,inf
2680,inf
3657,inf
4493,inf
4538,inf
5545,inf
5799,inf
6725,inf
7205,inf
7964,inf
7985,inf
8023,inf
8499,inf
8601,inf
8730,inf
182,inf
283,inf
301,inf
394,inf
1088,inf
1152,inf
1760,inf
2847,inf
3396,inf
3608,inf
3766,inf
4481,inf
4638,inf
7436,inf
8542,inf
8677,inf
8695,inf
8956,inf
9047,inf
17,inf
135,inf
615,inf
654,inf
2105,inf
2180,inf
2357,inf
3196,inf
5420,inf
6143,inf
6309,inf
6344,inf
6458,inf
7165,inf
7826,inf
8107,inf
8297,inf
9051,inf
9133,inf
73,inf
408,inf
780,inf
1915,inf
2513,inf
2667,inf
2747,inf
2884,inf
3231,inf
3429,inf
4417,inf
4833,inf
5081,inf
6294,inf
6327,inf
6802,inf
8400,inf
8724,inf
86,inf
329,inf
934,inf
1180,inf
1400,inf
1505,inf
1518,inf
1967,inf
2013,inf
3074,inf
3138,inf
3228,inf
3485,inf
4716,inf
4778,inf
5503,inf
5521,inf
5703,inf
5884,inf
6901,inf
7024,inf
7072,inf
7152,inf
7663,inf
7732,inf
8912,inf
1402,inf
3386,inf
5219,inf
5348,inf
7001,inf
8157,inf
8946,inf
342,inf
574,inf
1522,inf
1905,inf
2332,inf
3034,inf
3177,inf
4808,inf
4835,inf
5030,inf
5049,inf
5850,inf
6536,inf
6595,inf
6600,inf
6825,inf
7042,inf
7327,inf
7792,inf
8640,inf
27,inf
142,inf
877,inf
2524,inf
2633,inf
3347,inf
3471,inf
4054,inf
4973,inf
6860,inf
9126,inf
37,inf
1692,inf
1792,inf
2912,inf
2953,inf
3002,inf
3040,inf
5259,inf
5274,inf
5591,inf
5609,inf
6189,inf
6366,inf
6532,inf
7219,inf
8111,inf
8786,inf
9031,inf
4772,inf
8516,inf
8754,inf
9011,inf
268,inf
727,inf
781,inf
1747,inf
2697,inf
5099,inf
7254,inf
8228,inf
8249,inf
8996,inf
140,inf
1424,inf
2969,inf
3046,inf
3115,inf
3498,inf
3990,inf
4819,inf
5333,inf
6596,inf
7029,inf
7118,inf
7128,inf
7161,inf
7550,inf
7705,inf
99,inf
291,inf
956,inf
1423,inf
2063,inf
2678,inf
2809,inf
3014,inf
3135,inf
3507,inf
4470,inf
4682,inf
4900,inf
5122,inf
6768,inf
8843,inf
395,inf
581,inf
917,inf
1196,inf
1690,inf
1855,inf
2175,inf
2226,inf
2430,inf
3066,inf
3111,inf
3506,inf
3852,inf
5461,inf
5537,inf
5550,inf
5956,inf
371,inf
1129,inf
1131,inf
1201,inf
1409,inf
2891,inf
3271,inf
3569,inf
4280,inf
4814,inf
6234,inf
6541,inf
6820,inf
6921,inf
8319,inf
2545,inf
3744,inf
4440,inf
5698,inf
7174,inf
7533,inf
7652,inf
1163,inf
1187,inf
1577,inf
1740,inf
2270,inf
3829,inf
3953,inf
4560,inf
5120,inf
5249,inf
5252,inf
6110,inf
6959,inf
7253,inf
7592,inf
7629,inf
8687,inf
9136,inf
892,inf
1845,inf
2154,inf
2510,inf
2820,inf
3931,inf
4478,inf
4852,inf
4914,inf
5118,inf
5824,inf
5962,inf
6173,inf
6284,inf
7184,inf
7204,inf
9097,inf
2290,inf
2584,inf
2817,inf
2903,inf
3031,inf
5308,inf
5369,inf
5901,inf
6010,inf
6288,inf
6983,inf
7426,inf
8387,inf
8471,inf
8780,inf
9028,inf
19,inf
77,inf
365,inf
379,inf
1613,inf
2036,inf
2310,inf
2622,inf
2643,inf
3063,inf
3680,inf
4608,inf
5186,inf
5864,inf
5888,inf
6160,inf
6564,inf
7902,inf
7945,inf
8124,inf
8503,inf
8650,inf
596,inf
794,inf
856,inf
1548,inf
1679,inf
2252,inf
3036,inf
3109,inf
3634,inf
3705,inf
4364,inf
5174,inf
5565,inf
5627,inf
5676,inf
6607,inf
7624,inf
7693,inf
7813,inf
8276,inf
8483,inf
8553,inf
8671,inf
8770,inf
9067,inf
1450,inf
1659,inf
3008,inf
3102,inf
5685,inf
6963,inf
8156,inf
8370,inf
221,inf
229,inf
250,inf
506,inf
783,inf
857,inf
1331,inf
1823,inf
2018,inf
2152,inf
2182,inf
2758,inf
2838,inf
3170,inf
3193,inf
3233,inf
3387,inf
3476,inf
3615,inf
3804,inf
3910,inf
4192,inf
4241,inf
4955,inf
5613,inf
5869,inf
5929,inf
6561,inf
6624,inf
7151,inf
7568,inf
7655,inf
7859,inf
8008,inf
8776,inf
8905,inf
918,-1.0
1289,-1.0
2011,-1.0
3503,-1.0
3665,-1.0
3757,-1.0
3895,-1.0
5755,-1.0
7681,-1.0
2202,-1.0
2303,-1.0
6022,-1.0
6635,-1.0
7100,-1.0
1032,-1.0
4059,-1.0
5650,-1.0
6443,-1.0
6581,-1.0
8352,-1.0
8983,-1.0
807,-1.0
3348,-1.0
5150,-1.0
5364,-1.0
5752,-1.0
6346,-1.0
6355,-1.0
6428,-1.0
7434,-1.0
852,-1.0
1247,-1.0
1683,-1.0
2230,-1.0
2309,-1.0
4927,-1.0
7827,-1.0
201,-1.0
809,-1.0
1489,-1.0
2232,-1.0
5435,-1.0
5705,-1.0
5828,-1.0
6360,-1.0
5713,-1.0
5801,-1.0
7197,-1.0
8613,-1.0
802,-1.0
1238,-1.0
1839,-1.0
3967,-1.0
4136,-1.0
4377,-1.0
5555,-1.0
9094,-1.0
489,-1.0
887,-1.0
1228,-1.0
2450,-1.0
2936,-1.0
3603,-1.0
5102,-1.0
6283,-1.0
6737,-1.0
6911,-1.0
8031,-1.0
994,-1.0
1742,-1.0
2191,-1.0
2673,-1.0
4356,-1.0
4845,-1.0
5075,-1.0
5648,-1.0
6720,-1.0
7934,-1.0
284,-1.0
1134,-1.0
1252,-1.0
8004,-1.0
8541,-1.0
1756,-1.0
3452,-1.0
3462,-1.0
3574,-1.0
5695,-1.0
6164,-1.0
7125,-1.0
7221,-1.0
7396,-1.0
243,-1.0
1868,-1.0
5654,-1.0
5793,-1.0
5815,-1.0
7243,-1.0
8602,-1.0
763,-1.0
2465,-1.0
2626,-1.0
4754,-1.0
4995,-1.0
5022,-1.0
5569,-1.0
6420,-1.0
6816,-1.0
7266,-1.0
7892,-1.0
150,-1.0
2153,-1.0
2966,-1.0
2981,-1.0
3943,-1.0
6618,-1.0
8018,-1.0
9108,-1.0
2318,-1.0
2769,-1.0
3578,-1.0
4110,-1.0
6104,-1.0
6493,-1.0
6956,-1.0
7258,-1.0
8737,-1.0
558,-1.0
639,-1.0
1164,-1.0
2760,-1.0
3430,-1.0
2299,-1.0
2461,-1.0
2463,-1.0
3117,-1.0
3379,-1.0
247,-1.0
1049,-1.0
1056,-1.0
2052,-1.0
2120,-1.0
3106,-1.0
3825,-1.0
5580,-1.0
7140,-1.0
7331,-1.0
8131,-1.0
8325,-1.0
8600,-1.0
2464,-1.0
2959,-1.0
4657,-1.0
6499,-1.0
7188,-1.0
9063,-1.0
344,-1.0
2372,-1.0
2666,-1.0
2775,-1.0
2880,-1.0
3359,-1.0
4974,-1.0
5473,-1.0
7525,-1.0
7664,-1.0
1173,-1.0
1395,-1.0
1635,-1.0
4119,-1.0
7452,-1.0
448,-1.0
1341,-1.0
4614,-1.0
1167,-1.0
2864,-1.0
3169,-1.0
3759,-1.0
5143,-1.0
5192,-1.0
5729,-1.0
6374,-1.0
9058,-1.0
913,-1.0
2498,-1.0
5620,-1.0
5851,-1.0
6126,-1.0
6131,-1.0
6518,-1.0
7122,-1.0
8894,-1.0
9064,-1.0
61,-1.0
128,-1.0
456,-1.0
816,-1.0
2250,-1.0
4978,-1.0
5025,-1.0
5202,-1.0
5611,-1.0
6416,-1.0
7056,-1.0
8800,-1.0
1598,-1.0
3023,-1.0
3797,-1.0
4433,-1.0
204,-1.0
3240,-1.0
4316,-1.0
5571,-1.0
6560,-1.0
6848,-1.0
6915,-1.0
1127,-1.0
4445,-1.0
6215,-1.0
6255,-1.0
59,-1.0
194,-1.0
494,-1.0
846,-1.0
1538,-1.0
2593,-1.0
5089,-1.0
5656,-1.0
6552,-1.0
7716,-1.0
8142,-1.0
9083,-1.0
396,-1.0
3222,-1.0
3915,-1.0
5227,-1.0
5744,-1.0
6035,-1.0
7334,-1.0
7811,-1.0
7913,-1.0
9089,-1.0
495,-1.0
2345,-1.0
4623,-1.0
5835,-1.0
7851,-1.0
8290,-1.0
311,-1.0
1621,-1.0
2910,-1.0
3542,-1.0
5152,-1.0
5365,-1.0
5618,-1.0
5669,-1.0
6264,-1.0
6895,-1.0
7346,-1.0
669,-1.0
1854,-1.0
3178,-1.0
4299,-1.0
8166,-1.0
6686,-1.0
8901,-1.0
3579,-1.0
5336,-1.0
5784,-1.0
5931,-1.0
30,-1.0
1512,-1.0
3570,-1.0
4095,-1.0
6352,-1.0
7627,-1.0
951,-1.0
2176,-1.0
2370,-1.0
2576,-1.0
2600,-1.0
3024,-1.0
3957,-1.0
4746,-1.0
5012,-1.0
5577,-1.0
504,-1.0
5079,-1.0
5556,-1.0
5719,-1.0
6995,-1.0
7557,-1.0
7824,-1.0
427,-1.0
742,-1.0
1478,-1.0
2655,-1.0
2889,-1.0
3252,-1.0
3420,-1.0
3510,-1.0
4165,-1.0
5010,-1.0
5559,-1.0
5712,-1.0
7912,-1.0
8476,-1.0
1051,-1.0
2607,-1.0
4028,-1.0
5572,-1.0
2164,-1.0
3589,-1.0
3652,-1.0
3787,-1.0
4293,-1.0
5311,-1.0
5953,-1.0
6053,-1.0
6267,-1.0
7441,-1.0
7978,-1.0
8641,-1.0
92,-1.0
2204,-1.0
2958,-1.0
3258,-1.0
4222,-1.0
4343,-1.0
4428,-1.0
4443,-1.0
4956,-1.0
5376,-1.0
5484,-1.0
6733,-1.0
7395,-1.0
7620,-1.0
7643,-1.0
8184,-1.0
573,-1.0
962,-1.0
2334,-1.0
3053,-1.0
3380,-1.0
4602,-1.0
5289,-1.0
7523,-1.0
8278,-1.0
51,-1.0
874,-1.0
906,-1.0
1772,-1.0
1979,-1.0
3334,-1.0
4399,-1.0
7897,-1.0
7989,-1.0
8263,-1.0
8970,-1.0
1112,-1.0
1248,-1.0
2457,-1.0
4310,-1.0
4858,-1.0
5310,-1.0
6785,-1.0
7667,-1.0
8558,-1.0
8753,-1.0
1595,-1.0
1644,-1.0
2130,-1.0
3365,-1.0
4174,-1.0
4182,-1.0
5078,-1.0
6977,-1.0
48,-1.0
502,-1.0
1189,-1.0
1268,-1.0
2360,-1.0
2637,-1.0
3149,-1.0
5328,-1.0
5463,-1.0
6186,-1.0
8391,-1.0
337,-1.0
633,-1.0
799,-1.0
910,-1.0
1689,-1.0
2006,-1.0
2828,-1.0
2917,-1.0
2935,-1.0
3001,-1.0
3607,-1.0
5131,-1.0
7293,-1.0
8445,-1.0
8561,-1.0
8940,-1.0
9061,-1.0
1883,-1.0
2496,-1.0
2778,-1.0
3496,-1.0
4753,-1.0
4926,-1.0
5147,-1.0
7899,-1.0
812,-1.0
2021,-1.0
2412,-1.0
2494,-1.0
3449,-1.0
5004,-1.0
5069,-1.0
5417,-1.0
6974,-1.0
7264,-1.0
9034,-1.0
625,-1.0
897,-1.0
1008,-1.0
1420,-1.0
4180,-1.0
6037,-1.0
6059,-1.0
6835,-1.0
8855,-1.0
3065,-1.0
3328,-1.0
3606,-1.0
4281,-1.0
4539,-1.0
6265,-1.0
1083,-1.0
2881,-1.0
3220,-1.0
3951,-1.0
5668,-1.0
6229,-1.0
6531,-1.0
6869,-1.0
7222,-1.0
8125,-1.0
9128,-1.0
687,-1.0
1261,-1.0
1378,-1.0
1619,-1.0
1984,-1.0
2126,-1.0
2256,-1.0
3375,-1.0
4124,-1.0
4259,-1.0
4780,-1.0
5770,-1.0
5880,-1.0
6445,-1.0
6811,-1.0
8153,-1.0
8317,-1.0
8509,-1.0
8551,-1.0
397,-1.0
2544,-1.0
2964,-1.0
3165,-1.0
3443,-1.0
5110,-1.0
5165,-1.0
5595,-1.0
5659,-1.0
6405,-1.0
6412,-1.0
6883,-1.0
7166,-1.0
8318,-1.0
8385,-1.0
8700,-1.0
106,-1.0
2950,-1.0
3835,-1.0
5535,-1.0
6460,-1.0
7067,-1.0
8804,-1.0
1069,-1.0
1325,-1.0
3565,-1.0
6281,-1.0
6800,-1.0
8799,-1.0
9130,-1.0
3743,-1.0
4441,-1.0
4570,-1.0
4677,-1.0
5750,-1.0
890,-1.0
1555,-1.0
2066,-1.0
2336,-1.0
2731,-1.0
3536,-1.0
3884,-1.0
4146,-1.0
5309,-1.0
5329,-1.0
6249,-1.0
7495,-1.0
7748,-1.0
7839,-1.0
7929,-1.0
8667,-1.0
9021,-1.0
196,-1.0
226,-1.0
788,-1.0
1377,-1.0
2691,-1.0
2972,-1.0
4820,-1.0
5051,-1.0
5240,-1.0
5895,-1.0
7178,-1.0
7442,-1.0
7537,-1.0
7779,-1.0
7838,-1.0
7938,-1.0
101,-1.0
761,-1.0
2091,-1.0
2497,-1.0
3925,-1.0
3927,-1.0
4331,-1.0
4334,-1.0
4979,-1.0
6100,-1.0
6376,-1.0
6746,-1.0
6949,-1.0
7750,-1.0
242,-1.0
792,-1.0
1136,-1.0
1182,-1.0
1241,-1.0
2312,-1.0
2542,-1.0
4317,-1.0
4575,-1.0
5814,-1.0
7127,-1.0
7326,-1.0
1043,-1.0
3255,-1.0
4597,-1.0
4856,-1.0
5341,-1.0
5392,-1.0
6033,-1.0
6447,-1.0
6639,-1.0
7920,-1.0
4175,-1.0
4408,-1.0
4512,-1.0
8133,-1.0
1728,-1.0
1992,-1.0
2086,-1.0
2404,-1.0
2657,-1.0
3747,-1.0
5560,-1.0
5578,-1.0
6841,-1.0
6856,-1.0
7867,-1.0
8866,-1.0
1217,-1.0
1279,-1.0
2067,-1.0
2248,-1.0
2283,-1.0
3438,-1.0
5072,-1.0
5246,-1.0
6051,-1.0
6321,-1.0
6583,-1.0
7099,-1.0
8144,-1.0
452,-1.0
521,-1.0
2055,-1.0
2460,-1.0
2555,-1.0
3447,-1.0
9009,-1.0
1114,-1.0
1529,-1.0
2644,-1.0
3061,-1.0
4127,-1.0
4422,-1.0
4519,-1.0
5774,-1.0
5787,-1.0
6705,-1.0
7414,-1.0
8349,-1.0
8,-1.0
158,-1.0
1081,-1.0
1646,-1.0
2579,-1.0
3515,-1.0
3846,-1.0
5046,-1.0
5383,-1.0
5842,-1.0
6520,-1.0
7588,-1.0
8301,-1.0
8383,-1.0
8614,-1.0
8933,-1.0
1686,-1.0
4196,-1.0
4624,-1.0
6194,-1.0
551,-1.0
1029,-1.0
1234,-1.0
1589,-1.0
1594,-1.0
2741,-1.0
3326,-1.0
4526,-1.0
5512,-1.0
5760,-1.0
7270,-1.0
7798,-1.0
8432,-1.0
8646,-1.0
685,-1.0
698,-1.0
2582,-1.0
3286,-1.0
3287,-1.0
3733,-1.0
5349,-1.0
6171,-1.0
6997,-1.0
7265,-1.0
7420,-1.0
7555,-1.0
7656,-1.0
797,-1.0
835,-1.0
1074,-1.0
2244,-1.0
3637,-1.0
3754,-1.0
5434,-1.0
5499,-1.0
5653,-1.0
6179,-1.0
6292,-1.0
6795,-1.0
6914,-1.0
7603,-1.0
7625,-1.0
7633,-1.0
7967,-1.0
8172,-1.0
8638,-1.0
9082,-1.0
9122,-1.0
982,-1.0
1352,-1.0
1514,-1.0
2037,-1.0
2371,-1.0
3517,-1.0
4042,-1.0
4300,-1.0
5112,-1.0
5427,-1.0
5660,-1.0
6492,-1.0
6886,-1.0
7815,-1.0
8129,-1.0
8965,-1.0
112,-1.0
762,-1.0
1159,-1.0
2071,-1.0
2569,-1.0
3932,-1.0
4118,-1.0
4464,-1.0
5997,-1.0
6020,-1.0
6036,-1.0
6243,-1.0
6547,-1.0
6647,-1.0
7051,-1.0
7447,-1.0
627,-1.0
1012,-1.0
1229,-1.0
1838,-1.0
3322,-1.0
5633,-1.0
6085,-1.0
6506,-1.0
6539,-1.0
7361,-1.0
8475,-1.0
8971,-1.0
8972,-1.0
266,-1.0
575,-1.0
726,-1.0
1591,-1.0
1906,-1.0
2015,-1.0
2238,-1.0
2338,-1.0
2603,-1.0
2924,-1.0
4599,-1.0
5135,-1.0
5362,-1.0
5426,-1.0
5475,-1.0
5581,-1.0
6425,-1.0
7669,-1.0
8255,-1.0
8472,-1.0
8532,-1.0
241,-1.0
436,-1.0
702,-1.0
738,-1.0
1170,-1.0
1661,-1.0
1705,-1.0
1866,-1.0
1870,-1.0
1988,-1.0
2111,-1.0
2147,-1.0
2536,-1.0
2853,-1.0
3168,-1.0
3265,-1.0
4514,-1.0
4536,-1.0
4887,-1.0
5455,-1.0
5697,-1.0
5721,-1.0
5825,-1.0
6354,-1.0
6501,-1.0
6648,-1.0
7700,-1.0
549,-1.0
1224,-1.0
2194,-1.0
2501,-1.0
3647,-1.0
4266,-1.0
4435,-1.0
6757,-1.0
7107,-1.0
8268,-1.0
2538,-1.0
2621,-1.0
3393,-1.0
5883,-1.0
6719,-1.0
7884,-1.0
8977,-1.0
42,-1.0
398,-1.0
449,-1.0
990,-1.0
1746,-1.0
2856,-1.0
3097,-1.0
3777,-1.0
6834,-1.0
7791,-1.0
231,-1.0
1535,-1.0
7540,-1.0
7800,-1.0
8668,-1.0
8710,-1.0
2642,-1.0
3807,-1.0
3992,-1.0
5305,-1.0
5757,-1.0
5943,-1.0
9003,-1.0
1811,-1.0
3291,-1.0
3568,-1.0
4498,-1.0
4977,-1.0
5878,-1.0
5889,-1.0
6184,-1.0
6992,-1.0
7530,-1.0
7549,-1.0
7558,-1.0
8003,-1.0
8034,-1.0
8106,-1.0
331,-1.0
2155,-1.0
2188,-1.0
3355,-1.0
3586,-1.0
5033,-1.0
5254,-1.0
6094,-1.0
6696,-1.0
7421,-1.0
7789,-1.0
7914,-1.0
8229,-1.0
8856,-1.0
70,-1.0
308,-1.0
1375,-1.0
1551,-1.0
3997,-1.0
4967,-1.0
5346,-1.0
6489,-1.0
6508,-1.0
347,-1.0
1862,-1.0
3206,-1.0
3344,-1.0
4882,-1.0
8180,-1.0
8362,-1.0
8594,-1.0
9120,-1.0
2056,-1.0
2173,-1.0
4485,-1.0
415,-1.0
458,-1.0
733,-1.0
750,-1.0
2142,-1.0
2449,-1.0
2693,-1.0
4831,-1.0
4934,-1.0
5158,-1.0
6058,-1.0
6430,-1.0
7947,-1.0
7953,-1.0
8048,-1.0
8789,-1.0
8916,-1.0
895,-1.0
1140,-1.0
2249,-1.0
2342,-1.0
2906,-1.0
3116,-1.0
3968,-1.0
4710,-1.0
4861,-1.0
5570,-1.0
7944,-1.0
543,-1.0
1664,-1.0
1757,-1.0
1921,-1.0
2282,-1.0
2700,-1.0
3367,-1.0
3454,-1.0
3961,-1.0
5782,-1.0
5790,-1.0
6808,-1.0
8284,-1.0
8703,-1.0
588,-1.0
1684,-1.0
2109,-1.0
2373,-1.0
6000,-1.0
6144,-1.0
6248,-1.0
7380,-1.0
9073,-1.0
234,-1.0
246,-1.0
1158,-1.0
2128,-1.0
2452,-1.0
3113,-1.0
3525,-1.0
3667,-1.0
4595,-1.0
5826,-1.0
5974,-1.0
6665,-1.0
7010,-1.0
8674,-1.0
8893,-1.0
9132,-1.0
659,-1.0
851,-1.0
4891,-1.0
6646,-1.0
1471,-1.0
1632,-1.0
2078,-1.0
2946,-1.0
3055,-1.0
3871,-1.0
4558,-1.0
5496,-1.0
6796,-1.0
7181,-1.0
7312,-1.0
7961,-1.0
8590,-1.0
9105,-1.0
326,-1.0
731,-1.0
1259,-1.0
1671,-1.0
2362,-1.0
2632,-1.0
3401,-1.0
3950,-1.0
4920,-1.0
5980,-1.0
6486,-1.0
7033,-1.0
7687,-1.0
7745,-1.0
7783,-1.0
8736,-1.0
723,-1.0
925,-1.0
1255,-1.0
1372,-1.0
1455,-1.0
1572,-1.0
2720,-1.0
2883,-1.0
3143,-1.0
3415,-1.0
3737,-1.0
3929,-1.0
4460,-1.0
4527,-1.0
4971,-1.0
6617,-1.0
6801,-1.0
6880,-1.0
7172,-1.0
8846,-1.0
68,-1.0
413,-1.0
869,-1.0
1153,-1.0
2213,-1.0
3180,-1.0
3559,-1.0
5306,-1.0
7009,-1.0
8132,-1.0
722,-1.0
1318,-1.0
1986,-1.0
2733,-1.0
3076,-1.0
3778,-1.0
4052,-1.0
4385,-1.0
4795,-1.0
7391,-1.0
893,-1.0
1323,-1.0
1579,-1.0
2341,-1.0
3230,-1.0
3543,-1.0
3936,-1.0
4313,-1.0
4429,-1.0
7138,-1.0
7876,-1.0
927,-1.0
1315,-1.0
1381,-1.0
2658,-1.0
3310,-1.0
4721,-1.0
6342,-1.0
6913,-1.0
6998,-1.0
7259,-1.0
8372,-1.0
8999,-1.0
2739,-1.0
3162,-1.0
3226,-1.0
3488,-1.0
5827,-1.0
6356,-1.0
6432,-1.0
6625,-1.0
6775,-1.0
7446,-1.0
7551,-1.0
7671,-1.0
7956,-1.0
8049,-1.0
8248,-1.0
8332,-1.0
35,-1.0
254,-1.0
624,-1.0
790,-1.0
2053,-1.0
2227,-1.0
2499,-1.0
2692,-1.0
3584,-1.0
3905,-1.0
5032,-1.0
5096,-1.0
5170,-1.0
6009,-1.0
6545,-1.0
6718,-1.0
7207,-1.0
7486,-1.0
8138,-1.0
8395,-1.0
8576,-1.0
366,-1.0
401,-1.0
1188,-1.0
1973,-1.0
2527,-1.0
2532,-1.0
2952,-1.0
3236,-1.0
3311,-1.0
3350,-1.0
3660,-1.0
3788,-1.0
3862,-1.0
4436,-1.0
4583,-1.0
4760,-1.0
5518,-1.0
5683,-1.0
7547,-1.0
7957,-1.0
8058,-1.0
8637,-1.0
1785,-1.0
1998,-1.0
2330,-1.0
3325,-1.0
3385,-1.0
4033,-1.0
4186,-1.0
5015,-1.0
5339,-1.0
5634,-1.0
6457,-1.0
6614,-1.0
7315,-1.0
7976,-1.0
8061,-1.0
8424,-1.0
8924,-1.0
8978,-1.0
2723,-1.0
4577,-1.0
3450,-1.0
1040,-1.0
2005,-1.0
2157,-1.0
2195,-1.0
2471,-1.0
2921,-1.0
3306,-1.0
5151,-1.0
6034,-1.0
6634,-1.0
7386,-1.0
7686,-1.0
8494,-1.0
8900,-1.0
8964,-1.0
9095,-1.0
737,-1.0
2985,-1.0
4063,-1.0
4287,-1.0
4480,-1.0
4694,-1.0
4810,-1.0
5105,-1.0
5811,-1.0
6613,-1.0
7035,-1.0
7297,-1.0
7786,-1.0
108,-1.0
193,-1.0
2047,-1.0
2339,-1.0
3397,-1.0
3656,-1.0
4131,-1.0
4509,-1.0
5200,-1.0
5647,-1.0
5689,-1.0
6112,-1.0
6672,-1.0
7117,-1.0
7239,-1.0
7674,-1.0
8201,-1.0
9005,-1.0
9101,-1.0
630,-1.0
901,-1.0
3508,-1.0
4878,-1.0
5981,-1.0
7695,-1.0
9046,-1.0
430,-1.0
960,-1.0
1126,-1.0
1191,-1.0
1722,-1.0
2314,-1.0
2558,-1.0
3373,-1.0
3567,-1.0
3720,-1.0
4337,-1.0
4749,-1.0
5182,-1.0
5966,-1.0
6716,-1.0
7648,-1.0
7794,-1.0
8727,-1.0
8851,-1.0
4,-1.0
64,-1.0
749,-1.0
773,-1.0
859,-1.0
930,-1.0
959,-1.0
1616,-1.0
1736,-1.0
1784,-1.0
2060,-1.0
2218,-1.0
2627,-1.0
2653,-1.0
2783,-1.0
2961,-1.0
3268,-1.0
3636,-1.0
4467,-1.0
5351,-1.0
5766,-1.0
5998,-1.0
18,-1.0
1357,-1.0
2833,-1.0
4043,-1.0
4246,-1.0
4722,-1.0
5933,-1.0
6024,-1.0
6055,-1.0
6427,-1.0
7169,-1.0
8120,-1.0
8179,-1.0
8287,-1.0
8477,-1.0
25,-1.0
353,-1.0
626,-1.0
717,-1.0
1440,-1.0
1668,-1.0
1729,-1.0
1804,-1.0
1989,-1.0
2144,-1.0
2852,-1.0
4039,-1.0
4122,-1.0
5221,-1.0
5785,-1.0
6274,-1.0
6527,-1.0
6861,-1.0
7405,-1.0
7520,-1.0
7799,-1.0
7991,-1.0
8073,-1.0
8146,-1.0
8394,-1.0
8528,-1.0
8767,-1.0
9131,-1.0
1465,-1.0
1764,-1.0
2803,-1.0
3083,-1.0
3837,-1.0
4062,-1.0
5109,-1.0
5226,-1.0
5836,-1.0
7368,-1.0
7501,-1.0
8007,-1.0
8785,-1.0
3610,-1.0
3805,-1.0
7894,-1.0
8966,-1.0
645,-1.0
1355,-1.0
2030,-1.0
2521,-1.0
2894,-1.0
3335,-1.0
3470,-1.0
4529,-1.0
5616,-1.0
6004,-1.0
6332,-1.0
6341,-1.0
7494,-1.0
7631,-1.0
8057,-1.0
8243,-1.0
8529,-1.0
8546,-1.0
8791,-1.0
9030,-1.0
175,-1.0
764,-1.0
943,-1.0
1666,-1.0
1695,-1.0
1971,-1.0
2273,-1.0
2316,-1.0
4001,-1.0
4387,-1.0
4633,-1.0
5489,-1.0
6268,-1.0
6839,-1.0
8036,-1.0
8655,-1.0
2716,-1.0
3079,-1.0
4344,-1.0
4393,-1.0
4398,-1.0
4632,-1.0
4748,-1.0
4794,-1.0
5466,-1.0
5531,-1.0
6116,-1.0
6156,-1.0
6671,-1.0
7283,-1.0
7465,-1.0
7632,-1.0
8200,-1.0
8540,-1.0
1,-1.0
592,-1.0
795,-1.0
1484,-1.0
1925,-1.0
2425,-1.0
2648,-1.0
2767,-1.0
3848,-1.0
5148,-1.0
5279,-1.0
5736,-1.0
5971,-1.0
6694,-1.0
6697,-1.0
6786,-1.0
6830,-1.0
7005,-1.0
7516,-1.0
230,-1.0
714,-1.0
1094,-1.0
1257,-1.0
1391,-1.0
1456,-1.0
2470,-1.0
3301,-1.0
3809,-1.0
3860,-1.0
4121,-1.0
4357,-1.0
4410,-1.0
5502,-1.0
5510,-1.0
5526,-1.0
6503,-1.0
7781,-1.0
7846,-1.0
7868,-1.0
7923,-1.0
8087,-1.0
8221,-1.0
8527,-1.0
8610,-1.0
8847,-1.0
8929,-1.0
2763,-1.0
3198,-1.0
3395,-1.0
5294,-1.0
6402,-1.0
6925,-1.0
8468,-1.0
9079,-1.0
1096,-1.0
1406,-1.0
1913,-1.0
2550,-1.0
2806,-1.0
4547,-1.0
5233,-1.0
6095,-1.0
6120,-1.0
6256,-1.0
6692,-1.0
7202,-1.0
8653,-1.0
8859,-1.0
8986,-1.0
9088,-1.0
560,-1.0
607,-1.0
765,-1.0
871,-1.0
1656,-1.0
2595,-1.0
2683,-1.0
3509,-1.0
3742,-1.0
4235,-1.0
4295,-1.0
4391,-1.0
4782,-1.0
4989,-1.0
5127,-1.0
5452,-1.0
5976,-1.0
6510,-1.0
6794,-1.0
6950,-1.0
7068,-1.0
7086,-1.0
7371,-1.0
7737,-1.0
7909,-1.0
8386,-1.0
8665,-1.0
8712,-1.0
8823,-1.0
307,-1.0
505,-1.0
692,-1.0
813,-1.0
2926,-1.0
3089,-1.0
3869,-1.0
4360,-1.0
4448,-1.0
4669,-1.0
4821,-1.0
4947,-1.0
5037,-1.0
5184,-1.0
5267,-1.0
5593,-1.0
6784,-1.0
7039,-1.0
7077,-1.0
7584,-1.0
8484,-1.0
8778,-1.0
232,-1.0
409,-1.0
778,-1.0
1020,-1.0
1118,-1.0
1282,-1.0
1627,-1.0
1788,-1.0
2156,-1.0
2190,-1.0
2323,-1.0
3176,-1.0
3548,-1.0
3640,-1.0
3734,-1.0
3779,-1.0
4525,-1.0
4573,-1.0
4910,-1.0
5065,-1.0
5142,-1.0
6273,-1.0
6817,-1.0
7723,-1.0
8071,-1.0
8537,-1.0
240,-1.0
1713,-1.0
2288,-1.0
2380,-1.0
3312,-1.0
3537,-1.0
3812,-1.0
4113,-1.0
4828,-1.0
5501,-1.0
5527,-1.0
6325,-1.0
6328,-1.0
6526,-1.0
6586,-1.0
8027,-1.0
9016,-1.0
1930,-1.0
3417,-1.0
3874,-1.0
5778,-1.0
8016,-1.0
8467,-1.0
303,-1.0
888,-1.0
1156,-1.0
1216,-1.0
1770,-1.0
1794,-1.0
1914,-1.0
2989,-1.0
3085,-1.0
3224,-1.0
3424,-1.0
5481,-1.0
6101,-1.0
6198,-1.0
6333,-1.0
6400,-1.0
6840,-1.0
7110,-1.0
7307,-1.0
7758,-1.0
7880,-1.0
8397,-1.0
8501,-1.0
8744,-1.0
8861,-1.0
8936,-1.0
26,-1.0
719,-1.0
746,-1.0
803,-1.0
1345,-1.0
1373,-1.0
1612,-1.0
1687,-1.0
2429,-1.0
2645,-1.0
2919,-1.0
3078,-1.0
3187,-1.0
3956,-1.0
4468,-1.0
4862,-1.0
5066,-1.0
5077,-1.0
5268,-1.0
5271,-1.0
5401,-1.0
5525,-1.0
5532,-1.0
6068,-1.0
6222,-1.0
6515,-1.0
6516,-1.0
6842,-1.0
7063,-1.0
7561,-1.0
7607,-1.0
8463,-1.0
8643,-1.0
828,-1.0
1195,-1.0
2069,-1.0
2761,-1.0
3277,-1.0
3414,-1.0
3676,-1.0
3901,-1.0
4582,-1.0
4908,-1.0
5235,-1.0
5407,-1.0
5465,-1.0
6735,-1.0
6797,-1.0
6919,-1.0
7157,-1.0
7468,-1.0
7872,-1.0
8155,-1.0
8357,-1.0
8374,-1.0
8426,-1.0
237,-1.0
499,-1.0
1475,-1.0
1936,-1.0
2076,-1.0
2163,-1.0
2522,-1.0
2681,-1.0
3336,-1.0
4018,-1.0
6239,-1.0
6361,-1.0
7003,-1.0
7485,-1.0
7569,-1.0
7778,-1.0
7879,-1.0
8452,-1.0
8486,-1.0
8634,-1.0
8656,-1.0
9014,-1.0
60,-1.0
91,-1.0
1333,-1.0
1396,-1.0
1706,-1.0
1816,-1.0
2064,-1.0
2489,-1.0
2734,-1.0
2913,-1.0
3324,-1.0
4079,-1.0
4263,-1.0
4265,-1.0
4589,-1.0
4737,-1.0
5630,-1.0
5979,-1.0
6444,-1.0
6587,-1.0
6660,-1.0
7098,-1.0
7143,-1.0
7286,-1.0
8084,-1.0
8714,-1.0
8950,-1.0
9072,-1.0
9104,-1.0
565,-1.0
1642,-1.0
2811,-1.0
3389,-1.0
3749,-1.0
3764,-1.0
3972,-1.0
4296,-1.0
6204,-1.0
7981,-1.0
8080,-1.0
224,-1.0
517,-1.0
1149,-1.0
1718,-1.0
2131,-1.0
2417,-1.0
2846,-1.0
2909,-1.0
2941,-1.0
3049,-1.0
3121,-1.0
3458,-1.0
4041,-1.0
4654,-1.0
4818,-1.0
4847,-1.0
5476,-1.0
5493,-1.0
6031,-1.0
6276,-1.0
6495,-1.0
6870,-1.0
6940,-1.0
7335,-1.0
7522,-1.0
7542,-1.0
7969,-1.0
223,-1.0
745,-1.0
966,-1.0
1091,-1.0
1288,-1.0
1509,-1.0
1753,-1.0
2096,-1.0
2826,-1.0
3012,-1.0
3052,-1.0
3068,-1.0
3173,-1.0
3242,-1.0
3381,-1.0
3547,-1.0
3594,-1.0
3765,-1.0
3847,-1.0
3940,-1.0
4312,-1.0
4561,-1.0
4898,-1.0
4928,-1.0
4972,-1.0
5682,-1.0
5804,-1.0
6052,-1.0
6088,-1.0
6226,-1.0
7094,-1.0
7216,-1.0
7322,-1.0
7350,-1.0
7365,-1.0
7435,-1.0
7456,-1.0
7575,-1.0
7690,-1.0
7709,-1.0
7850,-1.0
7930,-1.0
8348,-1.0
8633,-1.0
8769,-1.0
8937,-1.0
9019,-1.0
130,-1.0
637,-1.0
926,-1.0
977,-1.0
1901,-1.0
2121,-1.0
2377,-1.0
3518,-1.0
4446,-1.0
5588,-1.0
6145,-1.0
6579,-1.0
7886,-1.0
8059,-1.0
8238,-1.0
8988,-1.0
768,-1.0
1928,-1.0
2413,-1.0
2467,-1.0
2855,-1.0
5690,-1.0
5812,-1.0
6060,-1.0
6086,-1.0
6920,-1.0
7610,-1.0
7825,-1.0
8570,-1.0
8915,-1.0
359,-1.0
1278,-1.0
2203,-1.0
4267,-1.0
4495,-1.0
4619,-1.0
4650,-1.0
5316,-1.0
5710,-1.0
5922,-1.0
6190,-1.0
6311,-1.0
7339,-1.0
7668,-1.0
8865,-1.0
8909,-1.0
132,-1.0
1336,-1.0
1806,-1.0
8420,-1.0
9001,-1.0
78,-1.0
861,-1.0
1240,-1.0
1374,-1.0
1426,-1.0
1825,-1.0
2319,-1.0
2694,-1.0
3041,-1.0
3284,-1.0
3421,-1.0
3702,-1.0
4074,-1.0
4771,-1.0
4781,-1.0
4905,-1.0
4976,-1.0
4994,-1.0
5214,-1.0
5374,-1.0
5993,-1.0
6066,-1.0
6417,-1.0
6778,-1.0
7832,-1.0
8112,-1.0
8620,-1.0
8945,-1.0
239,-1.0
264,-1.0
713,-1.0
931,-1.0
1206,-1.0
1521,-1.0
1652,-1.0
1940,-1.0
1970,-1.0
2088,-1.0
2118,-1.0
2124,-1.0
2292,-1.0
2293,-1.0
2340,-1.0
2447,-1.0
2923,-1.0
3651,-1.0
3850,-1.0
4327,-1.0
4419,-1.0
4655,-1.0
5098,-1.0
5241,-1.0
5514,-1.0
5724,-1.0
5734,-1.0
6287,-1.0
6682,-1.0
6721,-1.0
6781,-1.0
6803,-1.0
7055,-1.0
7147,-1.0
7180,-1.0
7529,-1.0
7596,-1.0
8038,-1.0
8455,-1.0
8482,-1.0
8993,-1.0
9015,-1.0
259,-1.0
732,-1.0
1516,-1.0
1779,-1.0
2058,-1.0
4208,-1.0
4253,-1.0
4320,-1.0
4796,-1.0
5129,-1.0
5145,-1.0
5313,-1.0
5413,-1.0
6202,-1.0
6269,-1.0
6653,-1.0
6780,-1.0
6888,-1.0
7154,-1.0
7479,-1.0
7538,-1.0
8619,-1.0
1274,-1.0
1499,-1.0
1596,-1.0
1702,-1.0
1809,-1.0
1822,-1.0
2410,-1.0
2415,-1.0
2745,-1.0
2789,-1.0
3218,-1.0
3520,-1.0
3782,-1.0
4513,-1.0
4663,-1.0
4728,-1.0
5048,-1.0
5355,-1.0
5381,-1.0
5429,-1.0
5504,-1.0
5987,-1.0
6103,-1.0
6892,-1.0
6931,-1.0
6991,-1.0
6994,-1.0
7030,-1.0
7301,-1.0
7711,-1.0
7844,-1.0
8123,-1.0
8205,-1.0
8524,-1.0
8625,-1.0
8795,-1.0
1292,-1.0
1888,-1.0
2408,-1.0
2844,-1.0
2976,-1.0
3262,-1.0
3332,-1.0
3500,-1.0
4158,-1.0
4580,-1.0
5039,-1.0
5472,-1.0
5837,-1.0
5908,-1.0
6152,-1.0
6627,-1.0
6926,-1.0
7316,-1.0
8717,-1.0
8818,-1.0
784,-1.0
806,-1.0
810,-1.0
992,-1.0
1230,-1.0
2509,-1.0
2801,-1.0
3161,-1.0
3666,-1.0
3674,-1.0
3752,-1.0
4946,-1.0
5117,-1.0
6019,-1.0
6203,-1.0
7636,-1.0
8090,-1.0
8465,-1.0
8678,-1.0
8902,-1.0
293,-1.0
339,-1.0
739,-1.0
1021,-1.0
2261,-1.0
2406,-1.0
2927,-1.0
3082,-1.0
3283,-1.0
4451,-1.0
5071,-1.0
6529,-1.0
6871,-1.0
7536,-1.0
7787,-1.0
703,-1.0
1386,-1.0
2459,-1.0
2879,-1.0
3529,-1.0
4000,-1.0
4970,-1.0
5299,-1.0
6475,-1.0
7440,-1.0
7526,-1.0
431,-1.0
629,-1.0
672,-1.0
1601,-1.0
1691,-1.0
3275,-1.0
3824,-1.0
4268,-1.0
5574,-1.0
6494,-1.0
7115,-1.0
7571,-1.0
7890,-1.0
8014,-1.0
8209,-1.0
8899,-1.0
9119,-1.0
269,-1.0
1297,-1.0
1415,-1.0
1629,-1.0
2885,-1.0
3723,-1.0
4321,-1.0
4826,-1.0
4837,-1.0
5191,-1.0
7673,-1.0
9038,-1.0
1859,-1.0
2973,-1.0
3124,-1.0
3706,-1.0
3986,-1.0
5275,-1.0
5523,-1.0
5936,-1.0
6285,-1.0
8675,-1.0
8742,-1.0
479,-1.0
534,-1.0
1865,-1.0
3885,-1.0
4185,-1.0
5903,-1.0
6812,-1.0
7325,-1.0
7372,-1.0
2,-1.0
20,-1.0
539,-1.0
1884,-1.0
3119,-1.0
5153,-1.0
5162,-1.0
5412,-1.0
5617,-1.0
114,-1.0
475,-1.0
1841,-1.0
2220,-1.0
3521,-1.0
3641,-1.0
6762,-1.0
7387,-1.0
7619,-1.0
7996,-1.0
255,-1.0
5673,-1.0
7121,-1.0
7992,-1.0
22,-1.0
416,-1.0
1891,-1.0
4225,-1.0
7499,-1.0
8409,-1.0
1244,-1.0
2114,-1.0
3783,-1.0
6810,-1.0
1197,-1.0
2009,-1.0
2575,-1.0
3643,-1.0
4612,-1.0
6282,-1.0
6370,-1.0
6942,-1.0
7424,-1.0
8227,-1.0
1033,-1.0
1573,-1.0
2000,-1.0
4277,-1.0
7251,-1.0
664,-1.0
2183,-1.0
5462,-1.0
5664,-1.0
8430,-1.0
4822,-1.0
5160,-1.0
1708,-1.0
3302,-1.0
5467,-1.0
206,-1.0
1606,-1.0
1716,-1.0
3914,-1.0
6922,-1.0
7489,-1.0
8850,-1.0
2115,-1.0
2740,-1.0
6899,-1.0
577,-1.0
650,-1.0
2949,-1.0
3147,-1.0
3673,-1.0
4105,-1.0
4860,-1.0
6054,-1.0
8340,-1.0
165,-1.0
853,-1.0
1328,-1.0
2286,-1.0
3504,-1.0
4220,-1.0
5419,-1.0
5471,-1.0
5602,-1.0
8654,-1.0
2209,-1.0
2561,-1.0
3810,-1.0
4097,-1.0
4336,-1.0
5319,-1.0
6073,-1.0
7354,-1.0
5178,-1.0
646,-1.0
1575,-1.0
2468,-1.0
3419,-1.0
4006,-1.0
4133,-1.0
5222,-1.0
5278,-1.0
5870,-1.0
6388,-1.0
6760,-1.0
6979,-1.0
8237,-1.0
8567,-1.0
1382,-1.0
3253,-1.0
3405,-1.0
3949,-1.0
4009,-1.0
4381,-1.0
4477,-1.0
5201,-1.0
6039,-1.0
6523,-1.0
6620,-1.0
172,-1.0
362,-1.0
638,-1.0
1990,-1.0
2385,-1.0
2812,-1.0
7901,-1.0
8350,-1.0
8496,-1.0
263,-1.0
1380,-1.0
2113,-1.0
8955,-1.0
2839,-1.0
3868,-1.0
4609,-1.0
5665,-1.0
6739,-1.0
7381,-1.0
3210,-1.0
4686,-1.0
5586,-1.0
6511,-1.0
7092,-1.0
8019,-1.0
176,inf
864,inf
1564,inf
2311,inf
2531,inf
3331,inf
3955,inf
7026,inf
7123,inf
1771,inf
2099,inf
3026,inf
3246,inf
6161,inf
7134,inf
8715,inf
282,inf
647,inf
786,inf
3618,inf
4980,inf
4981,inf
6824,inf
7498,inf
8454,inf
267,inf
688,inf
967,inf
1693,inf
2139,inf
5018,inf
5277,inf
7854,inf
3894,inf
5742,inf
550,inf
850,inf
2845,inf
6168,inf
7206,inf
7484,inf
1432,inf
2184,inf
2347,inf
2432,inf
3272,inf
4788,inf
5707,inf
5960,inf
6759,inf
6823,inf
7200,inf
8626,inf
4078,inf
5830,inf
6089,inf
6644,inf
7847,inf
8365,inf
8437,inf
1899,inf
5488,inf
5520,inf
5802,inf
8381,inf
2625,inf
3663,inf
4708,inf
7091,inf
7699,inf
7975,inf
107,inf
880,inf
2170,inf
2978,inf
5067,inf
1330,inf
1491,inf
3120,inf
3442,inf
3760,inf
4931,inf
5038,inf
5871,inf
6567,inf
7613,inf
8060,inf
8262,inf
8914,inf
309,inf
954,inf
1200,inf
1306,inf
6130,inf
6557,inf
6789,inf
7008,inf
7073,inf
7213,inf
390,inf
2649,inf
4064,inf
5198,inf
5477,inf
6362,inf
7752,inf
8165,inf
9098,inf
1175,inf
3095,inf
3689,inf
4719,inf
7563,inf
7973,inf
8515,inf
9002,inf
2493,inf
2677,inf
3785,inf
5409,inf
5439,inf
6683,inf
8579,inf
561,inf
388,inf
3436,inf
3898,inf
4954,inf
6982,inf
8733,inf
443,inf
2863,inf
8591,inf
582,inf
1335,inf
1405,inf
1431,inf
2287,inf
2628,inf
3535,inf
3893,inf
5516,inf
6193,inf
6446,inf
8017,inf
8444,inf
9124,inf
118,inf
166,inf
1981,inf
3633,inf
3658,inf
4354,inf
4355,inf
5954,inf
6972,inf
7566,inf
8380,inf
2988,inf
8423,inf
121,inf
227,inf
372,inf
480,inf
1108,inf
1273,inf
1399,inf
3822,inf
5497,inf
5898,inf
6018,inf
7490,inf
8164,inf
8745,inf
378,inf
693,inf
1176,inf
1947,inf
2304,inf
3069,inf
4915,inf
7430,inf
7431,inf
8731,inf
8797,inf
486,inf
2258,inf
2898,inf
3628,inf
5670,inf
6124,inf
8510,inf
1145,inf
2199,inf
2355,inf
7598,inf
7728,inf
8572,inf
8954,inf
1542,inf
4452,inf
4471,inf
4475,inf
8704,inf
924,inf
2814,inf
6368,inf
6488,inf
6889,inf
7857,inf
28,inf
53,inf
1583,inf
1777,inf
2671,inf
2766,inf
3451,inf
3938,inf
4773,inf
5378,inf
5767,inf
6850,inf
8872,inf
399,inf
1711,inf
3790,inf
5746,inf
8661,inf
8853,inf
1637,inf
1872,inf
3683,inf
3784,inf
8327,inf
1036,inf
2315,inf
5817,inf
8236,inf
5961,inf
7097,inf
7645,inf
24,inf
1296,inf
1787,inf
2930,inf
3323,inf
3593,inf
3827,inf
4066,inf
4999,inf
6075,inf
6655,inf
7277,inf
3211,inf
3928,inf
6690,inf
7729,inf
126,inf
2284,inf
2503,inf
4286,inf
6691,inf
7685,inf
8944,inf
80,inf
562,inf
1349,inf
1934,inf
4089,inf
4370,inf
4386,inf
6597,inf
6713,inf
186,inf
755,inf
2326,inf
3770,inf
4841,inf
7168,inf
7171,inf
7401,inf
8645,inf
9125,inf
438,inf
5017,inf
2446,inf
3010,inf
4002,inf
4153,inf
5937,inf
6377,inf
6471,inf
6574,inf
6594,inf
7887,inf
8006,inf
908,inf
3199,inf
3597,inf
4929,inf
5379,inf
5859,inf
6569,inf
6604,inf
8702,inf
47,inf
216,inf
1861,inf
1963,inf
3580,inf
4541,inf
4727,inf
4786,inf
5042,inf
5197,inf
5492,inf
5977,inf
6483,inf
6674,inf
8709,inf
1155,inf
1271,inf
2534,inf
2541,inf
4486,inf
6351,inf
6706,inf
7303,inf
7437,inf
7472,inf
7772,inf
1107,inf
2453,inf
5589,inf
5857,inf
6987,inf
7770,inf
8534,inf
8759,inf
2246,inf
2456,inf
3774,inf
5709,inf
157,inf
163,inf
1120,inf
1138,inf
2161,inf
3544,inf
3710,inf
4216,inf
4739,inf
5753,inf
5841,inf
6191,inf
6450,inf
7164,inf
8137,inf
8147,inf
8805,inf
418,inf
1430,inf
1800,inf
3712,inf
5327,inf
8170,inf
81,inf
953,inf
1417,inf
2971,inf
3511,inf
4213,inf
4917,inf
5626,inf
5840,inf
5948,inf
6310,inf
6372,inf
8341,inf
8462,inf
743,inf
1086,inf
1840,inf
2939,inf
3189,inf
4202,inf
4226,inf
4735,inf
5357,inf
6964,inf
7379,inf
1233,inf
3092,inf
3600,inf
3731,inf
4540,inf
7017,inf
1624,inf
3483,inf
5269,inf
7828,inf
8442,inf
138,inf
1358,inf
1559,inf
1781,inf
2451,inf
3422,inf
4458,inf
4982,inf
5243,inf
6297,inf
7418,inf
9056,inf
147,inf
811,inf
2289,inf
2717,inf
4005,inf
4335,inf
5819,inf
6456,inf
7324,inf
7659,inf
8143,inf
900,inf
1337,inf
3058,inf
3708,inf
4876,inf
5130,inf
5218,inf
5764,inf
6014,inf
7932,inf
1700,inf
2832,inf
3684,inf
4932,inf
5104,inf
6821,inf
7394,inf
844,inf
1343,inf
1470,inf
2187,inf
3018,inf
3352,inf
3726,inf
4228,inf
4678,inf
4935,inf
5340,inf
6685,inf
9074,inf
2081,inf
5923,inf
6030,inf
7366,inf
7492,inf
643,inf
1077,inf
2106,inf
3649,inf
4790,inf
5028,inf
6324,inf
7560,inf
3761,inf
5608,inf
8245,inf
8748,inf
1819,inf
2491,inf
4013,inf
4469,inf
5055,inf
5377,inf
6732,inf
8213,inf
8354,inf
441,inf
1363,inf
2998,inf
4373,inf
4389,inf
4484,inf
5304,inf
5458,inf
6027,inf
7482,inf
7565,inf
7814,inf
8564,inf
8639,inf
8968,inf
640,inf
1972,inf
1980,inf
2765,inf
3539,inf
5675,inf
6742,inf
7726,inf
7931,inf
8525,inf
902,inf
2750,inf
5975,inf
666,inf
2272,inf
2695,inf
2915,inf
2965,inf
3179,inf
5211,inf
5797,inf
7735,inf
7855,inf
8536,inf
1802,inf
2108,inf
4641,inf
6593,inf
7496,inf
8666,inf
65,inf
671,inf
1681,inf
1773,inf
2035,inf
3407,inf
3930,inf
4184,inf
4789,inf
6238,inf
6364,inf
6833,inf
7257,inf
7701,inf
8606,inf
8694,inf
8868,inf
498,inf
942,inf
2886,inf
4869,inf
5470,inf
6393,inf
7133,inf
7356,inf
7777,inf
7959,inf
619,inf
1885,inf
2751,inf
5123,inf
5737,inf
8181,inf
8427,inf
8857,inf
8913,inf
294,inf
1530,inf
2992,inf
7576,inf
3110,inf
3627,inf
5212,inf
1253,inf
1887,inf
3241,inf
5418,inf
5731,inf
7084,inf
7459,inf
8949,inf
465,inf
567,inf
602,inf
1552,inf
2167,inf
5113,inf
6981,inf
7455,inf
8517,inf
583,inf
759,inf
2951,inf
3017,inf
3556,inf
3984,inf
4102,inf
4511,inf
4872,inf
6923,inf
7106,inf
7291,inf
7754,inf
7980,inf
8210,inf
8303,inf
4565,inf
665,inf
941,inf
3583,inf
7195,inf
2348,inf
6121,inf
7139,inf
8366,inf
2830,inf
2878,inf
3084,inf
4563,inf
5952,inf
6334,inf
7124,inf
7135,inf
7509,inf
200,inf
440,inf
3264,inf
7915,inf
1202,inf
2473,inf
4141,inf
5865,inf
7059,inf
878,inf
3035,inf
8792,inf
2327,inf
4157,inf
5761,inf
7417,inf
7476,inf
889,inf
3394,inf
5886,inf
5986,inf
6272,inf
6866,inf
7145,inf
8533,inf
3701,inf
4411,inf
5361,inf
6487,inf
7443,inf
3832,inf
4894,inf
7548,inf
7719,inf
8258,inf
8429,inf
8571,inf
287,inf
2802,inf
3299,inf
6286,inf
1848,inf
2535,inf
2669,inf
3087,inf
3103,inf
4824,inf
5082,inf
5965,inf
7963,inf
8547,inf
102,inf
1869,inf
2476,inf
4625,inf
5265,inf
7524,inf
8555,inf
8947,inf
43,inf
323,inf
1019,inf
1667,inf
1685,inf
3190,inf
5768,inf
7021,inf
7070,inf
8699,inf
3753,inf
5551,inf
7012,inf
8488,inf
4034,inf
4239,inf
4508,inf
6558,inf
8079,inf
178,inf
411,inf
5396,inf
6740,inf
7352,inf
1688,inf
5203,inf
6490,inf
7093,inf
7385,inf
88,inf
1102,inf
1789,inf
1999,inf
2508,inf
3477,inf
4273,inf
4707,inf
5282,inf
5528,inf
7660,inf
7666,inf
1137,inf
1147,inf
3965,inf
5035,inf
7054,inf
7071,inf
8531,inf
484,inf
1219,inf
3363,inf
4919,inf
7218,inf
8830,inf
7,inf
682,inf
1361,inf
1580,inf
2305,inf
2547,inf
4209,inf
4375,inf
5735,inf
6087,inf
6148,inf
322,inf
1057,inf
1876,inf
2945,inf
4984,inf
5384,inf
8597,inf
8952,inf
306,inf
771,inf
837,inf
8539,inf
933,inf
3304,inf
3320,inf
3473,inf
3922,inf
4697,inf
5408,inf
8752,inf
971,inf
1653,inf
2660,inf
3349,inf
3945,inf
4056,inf
4341,inf
4351,inf
5692,inf
6727,inf
740,inf
4465,inf
5468,inf
421,inf
611,inf
620,inf
1669,inf
2110,inf
2748,inf
5020,inf
5125,inf
5358,inf
5553,inf
6429,inf
8864,inf
3546,inf
5821,inf
6973,inf
7185,inf
1593,inf
3038,inf
3445,inf
3545,inf
5139,inf
5438,inf
7829,inf
1010,inf
2112,inf
6477,inf
7507,inf
8779,inf
187,inf
988,inf
1100,inf
1941,inf
2023,inf
3408,inf
4714,inf
5287,inf
1294,inf
2746,inf
6565,inf
6619,inf
1184,inf
3585,inf
4149,inf
5478,inf
9053,inf
563,inf
2735,inf
3566,inf
4430,inf
4969,inf
6599,inf
7031,inf
2592,inf
3465,inf
3560,inf
4297,inf
5388,inf
1064,inf
1791,inf
3843,inf
7717,inf
1133,inf
1503,inf
1586,inf
2423,inf
2586,inf
5875,inf
689,inf
1322,inf
2387,inf
2405,inf
3746,inf
4086,inf
5658,inf
5958,inf
5985,inf
5992,inf
6875,inf
3626,inf
3713,inf
8660,inf
1464,inf
1955,inf
4572,inf
4751,inf
6589,inf
3185,inf
3371,inf
5272,inf
3996,inf
8889,inf
335,inf
3285,inf
7927,inf
